cliente_id,idade,genero,tempo_assinatura_meses,plano_assinatura,valor_mensal,visualizacoes_mes,tempo_medio_sessao_min,contatos_suporte,avaliacao_conteudo_media,avaliacao_conteudo_ultimo_mes,avaliacao_plataforma,regiao
CLI-0000,22,Feminino,6,Premium,62.83,22,105,7,2.3,2.5,4.1,Leste
CLI-0001,29,Masculino,33,Basico,84.91,41,103,0,4.9,2.5,4.0,Sudeste
CLI-0002,65,Masculino,39,Familia,40.1,32,60,3,1.4,4.4,4.9,Leste
CLI-0003,51,Masculino,32,Familia,49.29,3,72,6,4.4,4.7,3.1,Sul
CLI-0004,59,Feminino,3,Familia,28.93,39,47,3,4.2,1.8,1.2,Sudeste
CLI-0005,78,Masculino,34,Basico,53.68,44,31,0,1.2,4.4,1.3,Sudeste
CLI-0006,65,Feminino,9,Premium,35.48,25,25,6,1.2,3.2,1.6,Sul
CLI-0007,71,Masculino,33,Familia,43.12,0,22,4,2.7,1.3,1.7,Sudeste
CLI-0008,42,Feminino,5,Premium,50.87,20,112,8,2.8,3.7,4.3,Oeste
CLI-0009,20,Feminino,38,Familia,79.32,36,112,4,1.0,4.0,3.5,Leste
CLI-0010,57,Feminino,2,Basico,22.26,37,76,10,2.2,5.0,1.2,Oeste
CLI-0011,24,Masculino,5,Premium,87.36,47,53,6,1.0,1.2,3.0,Sudeste
CLI-0012,77,Feminino,39,Basico,76.42,44,74,1,1.3,2.1,4.1,Norte
CLI-0013,80,Feminino,19,Premium,83.44,38,111,0,1.5,4.0,1.4,Sul
CLI-0014,66,Masculino,56,Basico,42.68,15,29,1,1.4,1.3,2.8,Norte
CLI-0015,59,Feminino,40,Familia,47.68,20,7,4,3.9,4.9,3.4,Norte
CLI-0016,25,Feminino,25,Familia,29.53,45,18,9,3.9,4.6,4.4,Sul
CLI-0017,68,Masculino,33,Basico,73.6,34,17,7,4.1,3.0,4.1,Norte
CLI-0018,63,Masculino,54,Basico,34.15,40,29,10,3.9,1.2,2.1,Oeste
CLI-0019,77,Masculino,20,Familia,34.72,50,68,8,2.2,1.4,2.4,Norte
CLI-0020,39,Feminino,2,Familia,57.33,2,24,8,2.5,4.8,4.2,Oeste
CLI-0021,22,Feminino,56,Basico,97.13,41,8,8,1.6,3.6,1.1,Norte
CLI-0022,46,Feminino,18,Premium,92.68,22,68,7,4.3,4.1,1.7,Leste
CLI-0023,48,Feminino,18,Premium,70.01,4,47,7,4.8,1.1,4.4,Norte
CLI-0024,24,Feminino,28,Premium,61.29,31,92,3,2.4,3.7,4.2,Oeste
CLI-0025,78,Masculino,49,Familia,63.32,37,115,7,3.2,2.6,2.6,Oeste
CLI-0026,55,Masculino,7,Basico,39.46,29,16,4,3.2,2.1,2.6,Norte
CLI-0027,52,Feminino,8,Basico,35.94,39,110,5,2.3,4.5,2.9,Oeste
CLI-0028,78,Feminino,15,Familia,22.31,22,119,4,4.5,2.7,2.3,Oeste
CLI-0029,78,Feminino,36,Basico,63.41,45,27,10,1.1,3.4,3.6,Sul
CLI-0030,78,Masculino,22,Familia,79.11,42,72,10,1.7,3.4,3.6,Sudeste
CLI-0031,29,Feminino,50,Familia,53.36,12,57,4,3.8,1.9,4.4,Oeste
CLI-0032,56,Masculino,36,Familia,60.98,12,21,4,1.0,4.4,4.2,Sul
CLI-0033,76,Masculino,56,Premium,98.18,12,92,7,2.3,1.6,3.8,Oeste
CLI-0034,24,Feminino,8,Premium,25.9,21,17,5,2.0,4.5,2.8,Sul
CLI-0035,38,Feminino,46,Familia,73.72,9,80,9,3.8,2.3,4.7,Sudeste
CLI-0036,56,Feminino,34,Premium,62.51,28,35,6,3.0,3.4,1.4,Leste
CLI-0037,66,Masculino,5,Familia,65.3,10,115,0,2.6,3.6,3.8,Norte
CLI-0038,69,Masculino,12,Basico,41.04,5,85,5,4.6,1.4,3.9,Sudeste
CLI-0039,67,Masculino,13,Familia,66.74,47,40,4,2.9,1.3,3.9,Sul
CLI-0040,51,Feminino,44,Familia,98.48,22,111,9,2.1,1.3,4.5,Sul
CLI-0041,53,Masculino,20,Basico,64.59,11,85,0,4.4,3.1,4.4,Sudeste
CLI-0042,50,Feminino,3,Basico,82.18,25,44,3,3.3,4.5,4.5,Norte
CLI-0043,80,Masculino,22,Basico,55.11,2,23,10,4.6,3.5,4.5,Sul
CLI-0044,43,Feminino,45,Premium,43.08,44,79,10,1.5,4.7,3.6,Norte
CLI-0045,32,Masculino,32,Premium,67.86,20,100,7,3.5,4.7,1.7,Leste
CLI-0046,57,Feminino,53,Basico,94.67,1,50,4,3.6,1.5,2.1,Leste
CLI-0047,52,Masculino,6,Premium,21.65,41,58,10,1.6,1.4,3.7,Leste
CLI-0048,66,Masculino,41,Premium,68.85,5,10,5,1.1,1.2,2.2,Sul
CLI-0049,80,Feminino,15,Premium,27.04,43,71,5,4.9,4.9,4.2,Sudeste
CLI-0050,18,Feminino,25,Basico,74.48,21,65,0,1.7,2.5,2.2,Leste
CLI-0051,21,Feminino,53,Familia,55.39,32,18,9,3.4,3.5,2.4,Sudeste
CLI-0052,58,Masculino,42,Premium,25.24,48,59,4,5.0,1.5,4.9,Sudeste
CLI-0053,54,Feminino,16,Basico,80.23,7,12,8,1.0,4.4,2.7,Sudeste
CLI-0054,50,Feminino,59,Familia,30.3,2,10,6,3.5,3.8,2.2,Leste
CLI-0055,19,Masculino,51,Familia,22.84,21,103,5,2.9,5.0,1.8,Norte
CLI-0056,41,Feminino,50,Premium,30.89,7,8,7,3.9,4.4,4.2,Norte
CLI-0057,40,Feminino,24,Premium,97.79,32,8,0,2.0,2.4,2.1,Sul
CLI-0058,45,Feminino,57,Basico,22.07,9,17,5,2.7,3.6,2.7,Oeste
CLI-0059,21,Masculino,36,Premium,87.55,26,19,0,3.7,2.8,4.4,Oeste
CLI-0060,48,Feminino,52,Familia,84.67,37,73,3,1.1,1.8,3.8,Sul
CLI-0061,34,Masculino,23,Familia,55.84,19,71,9,1.4,3.4,4.0,Leste
CLI-0062,57,Feminino,22,Familia,26.95,14,35,9,4.2,4.0,4.5,Sudeste
CLI-0063,69,Feminino,56,Premium,98.95,23,32,5,1.4,3.9,3.0,Sudeste
CLI-0064,38,Feminino,2,Basico,32.57,36,60,3,4.0,4.0,2.6,Sudeste
CLI-0065,52,Masculino,38,Basico,24.81,31,69,8,3.6,3.2,1.7,Oeste
CLI-0066,57,Feminino,29,Premium,60.1,23,116,8,2.1,3.6,4.0,Norte
CLI-0067,69,Masculino,55,Premium,57.74,24,25,6,1.5,2.2,4.5,Oeste
CLI-0068,54,Masculino,19,Familia,35.65,7,120,3,2.5,2.4,3.8,Sul
CLI-0069,25,Feminino,5,Basico,98.9,25,103,9,3.9,2.3,3.0,Sudeste
CLI-0070,78,Masculino,3,Familia,46.18,21,15,5,1.1,4.6,3.9,Leste
CLI-0071,49,Masculino,49,Familia,88.95,19,92,5,4.7,1.7,2.0,Sudeste
CLI-0072,50,Feminino,13,Basico,48.5,23,115,8,1.8,3.1,2.3,Sudeste
CLI-0073,67,Masculino,45,Premium,42.49,33,110,10,4.6,3.9,3.4,Sudeste
CLI-0074,38,Masculino,43,Premium,62.78,44,81,0,4.8,4.4,1.9,Sudeste
CLI-0075,54,Feminino,52,Familia,31.28,21,116,7,4.5,3.4,3.5,Oeste
CLI-0076,34,Masculino,19,Familia,93.63,34,84,1,2.1,2.1,2.3,Sudeste
CLI-0077,59,Masculino,5,Premium,42.74,40,113,1,4.5,2.2,1.0,Sudeste
CLI-0078,22,Feminino,46,Premium,76.66,28,49,10,3.8,4.5,1.6,Sudeste
CLI-0079,31,Masculino,25,Basico,24.66,16,117,6,1.9,1.2,1.4,Sul
CLI-0080,34,Masculino,28,Familia,99.22,2,26,2,2.6,1.7,2.3,Oeste
CLI-0081,21,Masculino,9,Familia,76.19,38,18,4,1.6,3.5,3.0,Norte
CLI-0082,69,Masculino,57,Premium,78.82,19,75,0,4.0,5.0,2.0,Norte
CLI-0083,31,Feminino,18,Familia,44.83,13,86,0,4.0,3.8,2.0,Leste
CLI-0084,24,Masculino,21,Basico,36.3,6,95,0,2.3,2.6,3.8,Sudeste
CLI-0085,38,Masculino,43,Familia,70.08,17,42,5,4.9,3.6,3.5,Norte
CLI-0086,51,Masculino,2,Familia,87.34,38,91,6,3.4,3.8,4.0,Oeste
CLI-0087,43,Feminino,22,Premium,99.67,34,21,5,3.4,1.7,3.4,Oeste
CLI-0088,73,Feminino,40,Familia,90.9,50,103,9,2.3,3.5,2.4,Norte
CLI-0089,28,Masculino,28,Familia,20.03,9,74,9,4.3,2.5,2.1,Oeste
CLI-0090,59,Feminino,60,Premium,47.05,11,55,6,1.6,4.8,3.8,Norte
CLI-0091,63,Feminino,3,Basico,71.93,9,65,10,4.1,3.7,3.7,Norte
CLI-0092,50,Feminino,3,Familia,85.51,10,112,9,1.2,4.6,4.4,Sul
CLI-0093,39,Masculino,30,Premium,83.17,15,10,3,3.6,1.9,4.5,Oeste
CLI-0094,69,Masculino,37,Premium,69.97,0,55,3,1.9,2.1,2.6,Sul
CLI-0095,66,Feminino,23,Basico,26.01,43,21,0,3.5,4.1,2.3,Sudeste
CLI-0096,44,Masculino,19,Familia,48.24,21,59,7,3.3,2.0,1.1,Sudeste
CLI-0097,48,Feminino,12,Familia,74.06,9,82,8,1.2,2.6,1.4,Norte
CLI-0098,42,Masculino,31,Premium,92.2,20,82,2,2.5,1.5,2.3,Oeste
CLI-0099,20,Feminino,35,Basico,37.82,18,6,7,1.8,3.5,4.2,Sudeste
CLI-0100,42,Masculino,21,Basico,56.5,17,34,1,3.9,3.2,4.9,Norte
CLI-0101,28,Masculino,2,Premium,50.31,37,73,5,4.0,4.7,4.9,Sudeste
CLI-0102,55,Masculino,5,Premium,74.67,5,100,1,2.9,3.1,1.8,Leste
CLI-0103,73,Masculino,11,Familia,84.19,14,93,2,1.7,3.4,2.3,Sudeste
CLI-0104,27,Masculino,24,Familia,54.17,44,11,9,1.3,3.5,3.5,Norte
CLI-0105,66,Feminino,38,Basico,60.57,12,27,5,4.3,1.3,1.6,Oeste
CLI-0106,26,Masculino,3,Basico,78.65,50,68,2,1.9,1.5,4.0,Sudeste
CLI-0107,70,Feminino,60,Basico,46.09,7,109,10,2.2,1.6,1.9,Oeste
CLI-0108,41,Feminino,55,Basico,48.16,13,112,4,2.0,4.8,4.7,Leste
CLI-0109,27,Feminino,39,Premium,57.99,46,40,1,4.3,1.3,1.8,Norte
CLI-0110,56,Feminino,44,Familia,57.62,29,10,9,1.7,1.9,4.5,Oeste
CLI-0111,19,Feminino,53,Basico,76.83,5,97,4,3.5,3.8,3.6,Leste
CLI-0112,79,Masculino,46,Premium,76.45,10,101,2,4.9,2.6,3.1,Norte
CLI-0113,80,Feminino,49,Basico,40.14,45,107,8,1.3,3.1,1.2,Oeste
CLI-0114,22,Feminino,8,Basico,89.34,2,79,9,4.0,2.4,4.9,Leste
CLI-0115,78,Masculino,55,Premium,30.2,27,89,7,1.2,1.4,3.0,Norte
CLI-0116,36,Feminino,11,Basico,38.04,35,20,10,1.6,3.2,3.8,Sudeste
CLI-0117,47,Feminino,6,Basico,26.71,2,72,5,1.4,3.8,2.6,Leste
CLI-0118,47,Masculino,11,Premium,89.37,34,104,3,2.1,1.1,3.3,Sul
CLI-0119,22,Masculino,36,Basico,57.89,12,102,8,4.0,3.1,1.8,Sul
CLI-0120,80,Masculino,3,Premium,95.82,32,18,6,4.2,4.3,3.3,Leste
CLI-0121,18,Masculino,9,Basico,79.3,49,25,4,2.6,2.9,1.7,Oeste
CLI-0122,59,Masculino,34,Basico,33.16,0,44,1,4.6,4.3,2.8,Sudeste
CLI-0123,58,Masculino,55,Basico,49.61,46,115,0,3.8,3.4,2.9,Sul
CLI-0124,33,Feminino,21,Familia,76.27,31,105,7,2.8,3.6,2.7,Sudeste
CLI-0125,70,Masculino,34,Familia,66.01,18,83,8,1.6,1.3,3.1,Oeste
CLI-0126,59,Feminino,19,Premium,89.35,15,68,0,1.3,4.3,3.8,Leste
CLI-0127,38,Feminino,6,Familia,68.69,11,115,10,4.6,4.2,1.3,Oeste
CLI-0128,31,Masculino,58,Familia,42.63,24,118,5,4.1,4.9,2.8,Norte
CLI-0129,47,Masculino,47,Familia,33.1,39,21,7,1.9,1.6,4.6,Sul
CLI-0130,22,Feminino,51,Basico,34.28,12,12,7,3.0,3.7,3.7,Norte
CLI-0131,68,Feminino,8,Premium,97.92,3,36,10,2.4,4.9,4.6,Oeste
CLI-0132,39,Masculino,21,Premium,95.41,28,56,0,4.8,2.4,1.4,Sudeste
CLI-0133,45,Masculino,40,Familia,73.88,40,66,2,4.2,2.4,4.0,Leste
CLI-0134,47,Feminino,35,Familia,58.01,10,86,0,3.7,3.9,4.7,Sul
CLI-0135,44,Masculino,57,Familia,39.45,14,38,4,1.2,2.9,1.1,Norte
CLI-0136,47,Masculino,22,Familia,59.26,2,116,3,1.8,3.9,3.0,Oeste
CLI-0137,49,Masculino,26,Premium,43.01,40,14,9,2.7,4.5,1.4,Norte
CLI-0138,78,Feminino,40,Premium,34.66,27,120,8,2.4,4.7,2.2,Sudeste
CLI-0139,60,Masculino,37,Premium,63.83,6,117,1,1.7,1.3,2.1,Norte
CLI-0140,50,Feminino,45,Premium,30.83,33,35,8,4.9,4.4,2.1,Leste
CLI-0141,20,Feminino,29,Familia,65.86,43,73,5,3.8,3.2,3.3,Sudeste
CLI-0142,66,Feminino,59,Familia,23.64,8,113,7,1.8,2.5,4.8,Oeste
CLI-0143,61,Feminino,30,Premium,52.52,21,85,5,1.0,3.8,1.8,Sudeste
CLI-0144,76,Masculino,59,Basico,54.07,4,28,9,4.9,4.4,1.1,Leste
CLI-0145,59,Masculino,35,Basico,22.62,22,36,5,2.9,3.7,4.4,Oeste
CLI-0146,75,Feminino,54,Basico,48.2,30,113,9,2.0,1.3,2.6,Leste
CLI-0147,60,Feminino,5,Premium,24.47,45,36,5,4.8,1.6,4.0,Norte
CLI-0148,60,Masculino,16,Familia,31.82,22,18,3,4.4,3.7,2.4,Oeste
CLI-0149,39,Feminino,27,Basico,53.67,38,80,1,4.4,1.6,2.4,Leste
CLI-0150,24,Feminino,17,Premium,43.63,24,63,2,3.4,4.9,2.9,Oeste
CLI-0151,35,Masculino,4,Premium,50.23,12,41,7,2.9,2.4,3.5,Oeste
CLI-0152,65,Masculino,29,Premium,95.27,43,85,9,2.8,3.3,1.9,Oeste
CLI-0153,39,Masculino,31,Familia,91.48,10,19,8,2.3,4.5,1.2,Oeste
CLI-0154,58,Feminino,57,Premium,41.98,16,30,5,1.9,3.7,3.7,Sul
CLI-0155,61,Masculino,45,Premium,77.77,20,32,9,4.5,1.4,1.3,Sul
CLI-0156,68,Feminino,31,Familia,47.48,39,116,6,4.3,3.7,1.5,Sudeste
CLI-0157,59,Masculino,29,Familia,92.26,38,42,1,3.3,3.4,2.3,Sudeste
CLI-0158,56,Feminino,32,Basico,79.6,40,24,1,1.2,3.1,4.3,Sudeste
CLI-0159,65,Feminino,58,Familia,84.07,48,25,0,1.2,3.6,3.5,Norte
CLI-0160,50,Feminino,52,Familia,33.24,12,28,2,4.6,5.0,2.0,Norte
CLI-0161,74,Masculino,57,Basico,34.6,42,15,6,5.0,1.7,4.4,Leste
CLI-0162,22,Feminino,19,Familia,60.66,46,86,1,3.1,3.2,3.0,Oeste
CLI-0163,47,Feminino,23,Familia,50.78,16,58,0,4.2,2.0,3.4,Sul
CLI-0164,59,Masculino,5,Familia,29.3,10,27,5,2.0,4.0,3.3,Leste
CLI-0165,66,Masculino,8,Familia,98.4,22,102,8,5.0,1.0,1.1,Leste
CLI-0166,77,Masculino,24,Basico,78.38,35,54,5,4.1,2.6,3.8,Leste
CLI-0167,23,Masculino,11,Familia,49.66,19,43,2,2.2,2.2,4.7,Sudeste
CLI-0168,50,Feminino,57,Familia,66.3,13,79,1,3.0,4.1,4.6,Oeste
CLI-0169,39,Masculino,10,Familia,40.84,47,8,8,2.0,1.3,4.6,Sudeste
CLI-0170,39,Masculino,8,Premium,24.9,33,45,5,1.1,4.1,2.1,Sul
CLI-0171,78,Feminino,1,Premium,28.03,1,26,9,3.8,3.5,1.7,Norte
CLI-0172,65,Masculino,13,Premium,28.36,3,111,4,2.3,2.8,5.0,Sudeste
CLI-0173,53,Feminino,35,Familia,33.68,7,25,9,1.5,3.0,1.0,Norte
CLI-0174,62,Masculino,53,Familia,20.18,18,118,2,4.0,3.2,2.4,Sudeste
CLI-0175,75,Masculino,53,Familia,50.03,50,115,6,4.2,1.8,1.1,Leste
CLI-0176,72,Masculino,14,Basico,95.56,5,10,8,4.6,3.0,3.9,Oeste
CLI-0177,44,Masculino,44,Premium,53.2,41,71,9,3.3,3.8,1.8,Sudeste
CLI-0178,37,Masculino,59,Basico,89.84,17,11,7,1.0,3.4,1.4,Sul
CLI-0179,63,Feminino,23,Basico,76.64,35,55,5,3.4,1.6,3.2,Norte
CLI-0180,62,Masculino,52,Premium,65.35,6,27,10,1.4,4.8,3.4,Sul
CLI-0181,53,Feminino,25,Familia,77.22,47,115,10,1.4,3.5,3.3,Leste
CLI-0182,68,Masculino,39,Premium,67.13,46,115,3,4.8,3.5,3.2,Norte
CLI-0183,38,Masculino,26,Premium,41.07,23,8,4,3.0,3.0,1.6,Leste
CLI-0184,28,Feminino,19,Premium,37.89,38,97,1,3.8,1.9,1.9,Sudeste
CLI-0185,78,Feminino,10,Premium,89.67,8,87,6,3.6,3.3,4.5,Leste
CLI-0186,66,Feminino,2,Basico,80.25,11,117,2,4.6,4.6,4.4,Oeste
CLI-0187,78,Feminino,49,Premium,92.51,32,56,10,2.3,3.8,3.8,Leste
CLI-0188,64,Feminino,41,Basico,53.15,15,12,4,4.1,3.9,4.8,Oeste
CLI-0189,65,Masculino,44,Premium,49.23,12,105,7,2.4,3.8,2.0,Norte
CLI-0190,66,Feminino,2,Familia,28.46,7,58,6,3.0,1.9,3.6,Norte
CLI-0191,27,Masculino,58,Familia,91.3,43,52,10,1.1,3.0,1.4,Sudeste
CLI-0192,26,Feminino,30,Premium,40.32,14,9,3,3.3,1.1,1.4,Leste
CLI-0193,75,Feminino,48,Premium,24.28,47,87,5,3.9,2.8,3.3,Sudeste
CLI-0194,24,Feminino,19,Basico,54.61,47,76,8,1.8,3.9,2.8,Leste
CLI-0195,33,Feminino,56,Basico,32.16,16,98,3,2.6,1.1,3.0,Oeste
CLI-0196,79,Masculino,40,Premium,53.32,18,83,6,3.5,1.3,4.2,Oeste
CLI-0197,46,Masculino,12,Premium,42.97,2,66,9,2.1,4.0,3.3,Sudeste
CLI-0198,68,Feminino,52,Basico,63.22,18,56,3,2.6,4.7,3.0,Leste
CLI-0199,38,Masculino,4,Familia,89.54,28,12,1,1.8,3.3,2.7,Norte
CLI-0200,41,Feminino,30,Premium,31.09,25,108,10,3.7,1.6,4.2,Sudeste
CLI-0201,52,Masculino,51,Premium,93.7,33,120,0,1.3,4.2,3.1,Leste
CLI-0202,54,Feminino,16,Familia,80.21,9,51,2,3.5,2.4,4.8,Oeste
CLI-0203,62,Masculino,43,Familia,22.0,36,113,10,3.7,2.4,2.8,Sul
CLI-0204,46,Feminino,53,Familia,61.63,16,16,2,2.6,3.6,1.6,Sul
CLI-0205,61,Feminino,21,Familia,54.54,11,113,6,3.3,3.7,4.5,Sudeste
CLI-0206,24,Masculino,6,Premium,57.09,38,108,0,2.0,1.1,2.8,Oeste
CLI-0207,41,Masculino,7,Familia,67.33,49,39,7,2.5,4.2,2.2,Sudeste
CLI-0208,74,Feminino,29,Familia,61.24,49,77,2,4.6,1.7,3.5,Leste
CLI-0209,64,Feminino,12,Basico,71.91,3,55,1,1.7,4.3,2.9,Oeste
CLI-0210,45,Masculino,9,Familia,54.12,31,39,5,1.2,2.9,2.9,Norte
CLI-0211,54,Feminino,31,Basico,98.29,31,28,10,4.2,3.8,3.6,Norte
CLI-0212,32,Feminino,29,Basico,34.07,35,96,9,2.2,2.3,4.5,Sul
CLI-0213,55,Feminino,44,Familia,72.2,21,91,8,4.1,4.1,2.1,Oeste
CLI-0214,30,Masculino,33,Premium,30.96,11,55,10,2.1,3.1,2.4,Sudeste
CLI-0215,80,Masculino,38,Familia,84.28,33,18,0,3.9,3.9,4.6,Leste
CLI-0216,29,Feminino,55,Familia,38.1,30,31,1,3.9,1.6,2.2,Norte
CLI-0217,64,Masculino,12,Basico,94.41,36,66,7,1.8,1.9,2.3,Oeste
CLI-0218,49,Feminino,10,Familia,80.38,6,114,3,1.1,2.5,4.6,Sudeste
CLI-0219,24,Masculino,3,Basico,89.66,24,115,8,1.9,4.6,2.2,Leste
CLI-0220,37,Feminino,52,Basico,59.15,6,91,6,2.5,1.6,4.4,Norte
CLI-0221,43,Masculino,42,Basico,65.89,46,77,6,1.9,4.0,4.7,Norte
CLI-0222,31,Masculino,9,Premium,24.01,46,69,3,4.0,1.8,4.5,Oeste
CLI-0223,78,Feminino,46,Premium,62.94,34,112,0,2.9,1.9,2.3,Leste
CLI-0224,57,Masculino,19,Basico,79.8,38,100,9,4.6,1.2,4.4,Sudeste
CLI-0225,31,Feminino,30,Premium,87.61,11,91,4,2.8,4.6,3.6,Norte
CLI-0226,73,Feminino,45,Premium,91.98,25,99,10,3.5,1.4,1.6,Norte
CLI-0227,38,Feminino,13,Familia,20.67,29,46,3,3.0,4.4,2.2,Leste
CLI-0228,54,Feminino,34,Familia,70.11,0,15,7,2.7,1.1,2.5,Norte
CLI-0229,20,Masculino,19,Familia,99.69,28,112,4,1.0,2.9,3.7,Sul
CLI-0230,33,Masculino,39,Basico,98.37,40,81,10,4.4,4.3,4.2,Oeste
CLI-0231,65,Feminino,33,Premium,34.34,24,35,6,3.5,1.4,4.9,Sul
CLI-0232,47,Masculino,42,Premium,75.37,6,91,1,3.5,4.4,5.0,Sudeste
CLI-0233,37,Feminino,11,Premium,40.38,43,46,3,4.8,4.0,2.6,Norte
CLI-0234,55,Masculino,22,Basico,67.47,50,119,4,1.5,1.8,1.1,Sul
CLI-0235,19,Masculino,57,Familia,23.68,38,77,5,4.3,3.2,1.1,Sul
CLI-0236,53,Masculino,21,Familia,29.06,2,82,2,4.6,4.4,2.9,Norte
CLI-0237,53,Masculino,30,Basico,80.97,30,45,6,3.6,2.4,2.9,Sudeste
CLI-0238,57,Masculino,23,Basico,42.09,28,75,6,3.3,1.2,3.5,Leste
CLI-0239,40,Masculino,3,Familia,47.6,45,16,2,2.4,3.2,2.4,Sul
CLI-0240,62,Feminino,13,Basico,92.16,1,116,2,2.1,1.8,3.8,Leste
CLI-0241,61,Feminino,34,Familia,36.29,49,120,1,1.9,1.7,3.8,Leste
CLI-0242,62,Masculino,16,Familia,63.15,27,30,4,4.2,4.8,1.2,Sul
CLI-0243,54,Masculino,34,Basico,57.65,34,43,9,4.3,1.5,1.7,Oeste
CLI-0244,21,Feminino,22,Premium,33.44,49,109,4,4.1,4.1,3.3,Sudeste
CLI-0245,18,Feminino,29,Basico,48.03,45,70,10,4.4,3.4,3.4,Norte
CLI-0246,49,Masculino,35,Basico,80.73,45,79,3,3.3,2.6,3.7,Oeste
CLI-0247,32,Feminino,49,Premium,81.82,21,59,6,4.0,3.2,3.3,Sul
CLI-0248,64,Feminino,40,Basico,21.73,11,120,6,4.2,3.2,2.4,Oeste
CLI-0249,76,Feminino,31,Premium,54.84,38,35,0,2.0,4.6,3.3,Norte
CLI-0250,74,Feminino,41,Premium,58.94,38,55,1,4.8,4.9,1.9,Sudeste
CLI-0251,71,Masculino,58,Basico,53.76,50,105,4,1.5,4.3,4.7,Sudeste
CLI-0252,47,Feminino,1,Basico,78.14,11,95,4,1.4,4.7,1.3,Sul
CLI-0253,53,Feminino,8,Basico,48.36,46,55,10,1.1,2.8,4.2,Leste
CLI-0254,80,Feminino,6,Familia,69.48,32,66,2,2.8,2.2,2.9,Oeste
CLI-0255,77,Feminino,52,Basico,90.13,19,104,8,3.9,1.2,4.2,Sudeste
CLI-0256,19,Masculino,22,Basico,71.03,1,8,6,2.2,2.3,4.1,Norte
CLI-0257,78,Masculino,41,Basico,37.7,16,72,6,1.7,4.1,4.2,Norte
CLI-0258,64,Masculino,19,Basico,36.52,24,82,6,2.4,3.1,4.0,Oeste
CLI-0259,21,Feminino,23,Basico,76.27,4,90,6,3.5,3.8,1.7,Leste
CLI-0260,32,Masculino,9,Premium,43.73,13,10,3,1.8,1.8,4.8,Leste
CLI-0261,54,Feminino,37,Basico,72.08,2,9,3,1.5,2.3,1.5,Norte
CLI-0262,39,Masculino,29,Premium,90.95,42,115,2,1.8,3.3,3.3,Sudeste
CLI-0263,35,Masculino,28,Premium,34.38,41,50,2,2.3,1.0,3.0,Sudeste
CLI-0264,75,Masculino,20,Basico,98.02,50,68,6,3.6,4.6,4.8,Oeste
CLI-0265,70,Feminino,34,Premium,73.26,36,43,3,2.0,4.4,1.1,Sudeste
CLI-0266,36,Masculino,35,Basico,68.37,3,24,0,1.4,3.2,4.5,Leste
CLI-0267,68,Masculino,2,Familia,35.16,28,53,8,4.6,1.5,1.4,Sul
CLI-0268,55,Feminino,6,Basico,36.57,23,15,1,3.8,3.7,1.0,Sul
CLI-0269,71,Feminino,24,Familia,94.87,1,82,7,3.0,2.4,4.8,Sul
CLI-0270,56,Masculino,46,Premium,52.21,6,118,5,2.3,1.5,1.3,Norte
CLI-0271,27,Masculino,39,Basico,97.67,37,65,3,4.6,1.3,3.2,Leste
CLI-0272,67,Feminino,25,Basico,98.61,41,37,8,2.7,1.2,4.7,Leste
CLI-0273,71,Masculino,20,Premium,99.88,28,64,3,4.7,4.0,4.0,Oeste
CLI-0274,35,Feminino,55,Basico,21.28,18,59,6,3.9,2.4,2.2,Sul
CLI-0275,28,Masculino,43,Premium,87.15,45,25,2,1.6,4.0,4.5,Norte
CLI-0276,29,Masculino,16,Basico,35.58,20,28,0,2.3,3.3,2.3,Sudeste
CLI-0277,57,Masculino,21,Basico,78.44,35,71,9,2.0,1.8,4.5,Oeste
CLI-0278,72,Feminino,41,Premium,61.85,0,108,8,4.2,3.6,1.1,Norte
CLI-0279,41,Masculino,46,Basico,72.46,10,48,3,3.1,3.0,1.7,Oeste
CLI-0280,42,Feminino,50,Basico,22.23,49,48,8,1.9,2.4,4.5,Oeste
CLI-0281,47,Feminino,54,Premium,65.86,11,82,0,3.9,4.0,2.7,Leste
CLI-0282,22,Masculino,20,Familia,63.01,36,11,5,2.3,1.1,1.9,Sudeste
CLI-0283,59,Masculino,11,Basico,77.69,4,43,4,4.6,2.9,2.9,Leste
CLI-0284,53,Masculino,7,Premium,68.69,26,88,1,2.4,4.9,2.3,Oeste
CLI-0285,48,Feminino,44,Familia,90.01,48,116,2,2.5,2.7,2.3,Oeste
CLI-0286,70,Masculino,46,Familia,49.44,49,104,2,3.7,1.6,3.7,Sul
CLI-0287,25,Masculino,60,Basico,37.96,41,37,5,4.5,1.5,4.1,Norte
CLI-0288,52,Feminino,44,Basico,57.41,50,115,1,2.8,1.4,3.2,Sul
CLI-0289,35,Feminino,21,Premium,38.75,24,6,0,1.5,2.2,5.0,Leste
CLI-0290,37,Masculino,10,Premium,84.56,44,36,1,4.4,4.6,3.2,Leste
CLI-0291,42,Masculino,19,Basico,27.24,1,57,7,2.8,2.5,3.2,Leste
CLI-0292,40,Feminino,28,Premium,97.39,10,107,5,3.2,2.5,1.3,Leste
CLI-0293,34,Feminino,48,Familia,84.63,19,85,6,3.0,3.8,1.4,Sudeste
CLI-0294,51,Masculino,34,Basico,50.54,34,18,2,4.8,2.1,5.0,Norte
CLI-0295,35,Feminino,35,Familia,47.38,48,63,1,2.2,1.9,2.5,Sul
CLI-0296,36,Masculino,28,Premium,55.62,23,32,1,3.2,3.4,4.8,Sul
CLI-0297,53,Feminino,24,Premium,38.36,29,15,4,2.5,4.6,2.5,Sudeste
CLI-0298,38,Feminino,28,Familia,62.83,46,106,5,2.2,4.4,4.0,Leste
CLI-0299,80,Masculino,39,Premium,90.51,44,15,9,2.0,1.7,3.4,Sul
CLI-0300,60,Masculino,5,Familia,99.33,26,80,4,4.3,2.7,3.6,Sul
CLI-0301,50,Feminino,19,Premium,93.2,0,97,7,1.2,4.6,1.3,Leste
CLI-0302,48,Feminino,54,Basico,70.3,9,19,2,3.7,2.4,4.6,Norte
CLI-0303,57,Feminino,46,Familia,54.17,20,112,1,3.6,4.7,2.2,Sul
CLI-0304,62,Masculino,18,Familia,43.42,19,25,6,2.3,1.6,1.2,Sudeste
CLI-0305,29,Masculino,12,Familia,91.53,0,63,9,1.2,3.8,4.3,Leste
CLI-0306,60,Masculino,16,Premium,88.18,19,50,6,1.1,2.4,2.2,Sul
CLI-0307,38,Feminino,13,Basico,86.15,0,80,8,1.5,4.5,2.9,Sudeste
CLI-0308,78,Feminino,29,Basico,83.03,7,42,8,3.1,4.6,3.1,Sudeste
CLI-0309,49,Masculino,18,Basico,62.34,7,60,10,4.6,2.6,1.4,Norte
CLI-0310,46,Masculino,52,Premium,85.28,36,65,5,2.9,4.8,3.4,Oeste
CLI-0311,27,Masculino,37,Basico,80.95,28,77,2,2.9,4.0,1.4,Norte
CLI-0312,65,Masculino,29,Familia,40.68,19,74,4,1.2,1.1,1.3,Sul
CLI-0313,73,Masculino,52,Familia,69.68,45,46,9,2.2,2.7,4.6,Leste
CLI-0314,51,Feminino,48,Basico,85.0,35,85,6,3.1,1.5,1.7,Sudeste
CLI-0315,43,Feminino,36,Basico,40.75,7,58,4,4.0,1.4,2.0,Sul
CLI-0316,22,Masculino,58,Basico,68.8,3,30,2,3.1,3.4,4.4,Norte
CLI-0317,67,Masculino,28,Premium,51.88,12,85,4,3.2,4.8,4.7,Leste
CLI-0318,73,Masculino,17,Basico,23.06,5,54,3,1.0,3.6,1.8,Norte
CLI-0319,31,Masculino,28,Basico,70.64,5,62,7,4.3,4.4,4.5,Sudeste
CLI-0320,33,Masculino,3,Premium,34.75,34,88,9,4.5,3.8,1.4,Sudeste
CLI-0321,18,Masculino,18,Familia,76.26,6,108,9,3.6,3.7,2.5,Sul
CLI-0322,49,Feminino,53,Familia,77.04,45,117,10,1.5,1.1,4.6,Leste
CLI-0323,46,Feminino,34,Familia,33.22,37,42,8,3.7,4.7,3.2,Oeste
CLI-0324,71,Feminino,19,Basico,63.08,17,46,5,3.4,3.5,1.1,Norte
CLI-0325,69,Masculino,59,Basico,28.0,46,45,7,3.2,4.7,3.1,Oeste
CLI-0326,39,Masculino,16,Premium,44.97,35,120,6,4.2,2.0,1.7,Sudeste
CLI-0327,35,Masculino,50,Familia,25.93,35,56,1,4.0,4.1,4.1,Sudeste
CLI-0328,64,Feminino,49,Basico,68.58,43,44,3,1.6,3.0,3.2,Oeste
CLI-0329,59,Masculino,33,Premium,98.01,21,8,3,2.5,4.8,2.0,Oeste
CLI-0330,69,Masculino,48,Basico,85.86,31,52,3,1.3,4.9,2.5,Oeste
CLI-0331,39,Masculino,22,Premium,54.46,32,33,2,4.9,3.1,1.4,Oeste
CLI-0332,28,Masculino,27,Familia,44.38,2,111,6,2.7,3.1,2.3,Leste
CLI-0333,29,Feminino,60,Premium,73.36,21,104,10,3.3,2.2,5.0,Sudeste
CLI-0334,58,Masculino,11,Familia,33.09,45,92,1,1.7,1.4,3.0,Oeste
CLI-0335,73,Feminino,40,Basico,77.13,0,60,8,4.7,4.5,3.5,Sudeste
CLI-0336,28,Masculino,33,Basico,65.55,11,104,5,4.4,2.5,3.0,Leste
CLI-0337,19,Feminino,11,Basico,51.18,49,54,3,2.7,1.2,4.6,Sudeste
CLI-0338,63,Feminino,58,Familia,41.01,9,63,5,1.5,4.2,2.7,Sudeste
CLI-0339,66,Masculino,58,Basico,46.83,2,115,0,1.2,4.1,3.9,Leste
CLI-0340,51,Masculino,39,Familia,56.4,16,84,0,2.2,4.3,4.8,Norte
CLI-0341,18,Masculino,45,Basico,51.14,20,94,2,1.8,1.9,1.6,Sudeste
CLI-0342,67,Feminino,21,Basico,79.23,31,40,4,1.7,1.0,3.4,Sul
CLI-0343,58,Feminino,56,Basico,52.47,12,64,2,4.4,3.5,4.4,Oeste
CLI-0344,31,Masculino,48,Premium,89.52,4,57,5,3.7,2.5,3.2,Sul
CLI-0345,22,Masculino,13,Basico,65.9,48,52,1,2.1,2.3,4.3,Sudeste
CLI-0346,74,Feminino,42,Basico,86.78,6,75,3,3.5,3.6,4.1,Oeste
CLI-0347,23,Feminino,8,Premium,63.4,16,15,8,1.9,3.3,2.1,Leste
CLI-0348,37,Masculino,6,Familia,73.39,1,79,8,4.3,3.6,3.1,Sul
CLI-0349,20,Masculino,45,Basico,73.69,29,97,3,4.9,3.9,1.5,Leste
CLI-0350,39,Masculino,1,Premium,51.94,34,54,9,3.2,2.8,2.5,Oeste
CLI-0351,70,Masculino,24,Familia,26.67,17,67,4,1.0,3.4,4.8,Sudeste
CLI-0352,43,Masculino,47,Basico,21.06,5,95,8,2.7,2.4,3.7,Norte
CLI-0353,53,Masculino,16,Familia,51.11,28,97,3,4.2,1.2,3.9,Oeste
CLI-0354,68,Masculino,53,Premium,30.46,43,113,9,2.8,4.6,2.6,Oeste
CLI-0355,78,Feminino,32,Familia,69.74,11,10,0,3.4,3.4,2.1,Sul
CLI-0356,35,Feminino,12,Premium,75.64,37,48,6,1.4,1.3,1.6,Sul
CLI-0357,37,Feminino,28,Premium,93.23,10,52,3,1.6,1.2,1.4,Sudeste
CLI-0358,44,Masculino,6,Basico,76.29,1,36,4,3.2,4.2,2.8,Norte
CLI-0359,33,Masculino,54,Familia,48.71,37,18,9,2.4,3.1,2.7,Sudeste
CLI-0360,54,Masculino,11,Familia,41.37,35,80,5,3.2,4.8,2.2,Sudeste
CLI-0361,75,Feminino,15,Familia,81.34,21,11,0,2.1,4.6,1.2,Oeste
CLI-0362,29,Feminino,10,Familia,24.87,19,89,2,4.4,3.6,4.5,Norte
CLI-0363,43,Masculino,12,Familia,40.01,12,89,8,2.5,4.6,1.1,Oeste
CLI-0364,52,Feminino,7,Premium,95.17,45,55,8,4.7,2.9,1.8,Sul
CLI-0365,37,Masculino,40,Premium,57.25,45,16,4,2.0,2.1,1.2,Norte
CLI-0366,80,Masculino,46,Premium,96.16,8,27,2,4.6,2.9,1.4,Leste
CLI-0367,52,Feminino,48,Premium,68.63,2,7,4,4.6,4.0,2.3,Oeste
CLI-0368,19,Masculino,9,Basico,83.57,31,11,5,4.0,1.7,4.4,Oeste
CLI-0369,37,Masculino,20,Basico,60.04,42,46,10,3.9,1.5,1.1,Oeste
CLI-0370,80,Feminino,53,Premium,95.35,13,35,0,1.0,1.5,4.6,Norte
CLI-0371,56,Masculino,13,Familia,83.41,13,67,8,1.7,1.1,2.1,Sul
CLI-0372,33,Masculino,52,Familia,96.22,24,95,10,2.7,2.1,4.8,Leste
CLI-0373,28,Masculino,35,Familia,48.93,36,58,0,2.7,5.0,3.8,Sudeste
CLI-0374,25,Feminino,24,Familia,51.99,14,91,2,3.9,1.6,4.3,Oeste
CLI-0375,34,Feminino,19,Premium,85.58,26,118,6,3.4,2.3,2.7,Oeste
CLI-0376,35,Masculino,12,Premium,93.22,0,29,9,4.1,3.7,1.1,Leste
CLI-0377,24,Feminino,3,Basico,47.61,35,21,4,4.0,1.2,2.4,Norte
CLI-0378,29,Feminino,46,Premium,71.0,12,110,5,2.6,3.9,1.6,Leste
CLI-0379,28,Masculino,30,Familia,23.22,4,7,9,1.4,4.7,1.2,Leste
CLI-0380,58,Masculino,40,Premium,37.66,34,46,10,2.4,2.2,1.7,Sul
CLI-0381,71,Masculino,16,Premium,82.93,12,68,1,2.8,1.7,3.7,Sudeste
CLI-0382,48,Feminino,9,Basico,89.66,21,20,9,1.3,1.7,4.0,Sudeste
CLI-0383,38,Masculino,10,Familia,30.83,23,75,2,3.2,2.0,4.3,Oeste
CLI-0384,66,Masculino,48,Familia,96.09,47,84,7,4.7,3.6,4.0,Sul
CLI-0385,31,Feminino,55,Familia,96.03,22,57,5,2.4,2.1,4.0,Sul
CLI-0386,55,Masculino,29,Basico,77.65,20,108,4,4.2,1.5,4.6,Norte
CLI-0387,57,Feminino,58,Basico,92.44,40,32,3,1.0,1.1,4.6,Sul
CLI-0388,78,Feminino,42,Premium,77.37,0,74,7,2.8,4.2,4.3,Sul
CLI-0389,69,Feminino,35,Familia,22.4,32,70,1,4.6,4.8,4.7,Sudeste
CLI-0390,60,Feminino,22,Familia,39.13,25,43,5,4.1,1.6,4.5,Oeste
CLI-0391,71,Masculino,8,Familia,33.86,20,40,10,3.3,2.7,2.3,Sudeste
CLI-0392,80,Feminino,1,Familia,57.67,47,118,4,2.8,2.6,1.6,Norte
CLI-0393,74,Feminino,57,Premium,48.65,8,66,9,2.2,2.4,2.0,Leste
CLI-0394,33,Masculino,50,Premium,42.71,4,9,7,3.8,2.2,1.1,Sudeste
CLI-0395,43,Feminino,21,Premium,89.32,50,41,3,4.7,4.6,4.0,Leste
CLI-0396,25,Feminino,52,Familia,27.66,41,80,4,4.2,4.4,1.4,Oeste
CLI-0397,55,Feminino,37,Familia,43.88,15,53,8,1.3,2.1,2.5,Oeste
CLI-0398,67,Feminino,12,Premium,29.46,50,95,3,5.0,3.3,1.5,Sul
CLI-0399,63,Feminino,40,Familia,72.65,45,25,7,2.7,1.0,4.4,Leste
CLI-0400,51,Masculino,36,Premium,98.81,26,43,9,3.8,2.7,4.7,Oeste
CLI-0401,18,Feminino,10,Basico,28.19,8,75,2,4.4,3.3,3.8,Sul
CLI-0402,58,Feminino,29,Basico,51.16,6,26,1,1.5,2.3,2.9,Norte
CLI-0403,56,Masculino,44,Premium,72.63,30,103,6,4.4,2.6,3.7,Leste
CLI-0404,51,Feminino,20,Familia,33.35,43,108,3,4.3,3.8,1.5,Sudeste
CLI-0405,60,Feminino,18,Basico,31.27,3,7,4,3.0,2.1,2.8,Sul
CLI-0406,69,Masculino,25,Basico,96.54,40,119,1,2.6,3.3,3.9,Sudeste
CLI-0407,58,Feminino,28,Premium,40.29,11,81,9,4.1,2.9,1.8,Oeste
CLI-0408,35,Feminino,39,Premium,47.04,26,46,9,4.2,1.4,3.6,Norte
CLI-0409,32,Masculino,48,Premium,54.26,43,15,5,1.0,2.6,2.2,Sudeste
CLI-0410,39,Feminino,11,Familia,74.42,16,23,2,4.3,1.3,2.8,Leste
CLI-0411,32,Feminino,49,Familia,69.12,42,41,1,1.3,2.4,2.7,Sudeste
CLI-0412,31,Feminino,51,Familia,69.02,50,64,0,2.3,2.5,3.7,Norte
CLI-0413,43,Feminino,7,Familia,41.76,11,102,9,4.3,1.0,4.2,Sul
CLI-0414,27,Masculino,38,Premium,58.45,43,23,5,4.3,4.1,2.9,Leste
CLI-0415,65,Masculino,6,Premium,26.68,4,94,1,3.2,4.3,2.2,Norte
CLI-0416,37,Feminino,24,Basico,87.98,25,26,4,2.6,3.1,1.8,Sul
CLI-0417,22,Feminino,43,Familia,82.39,0,83,5,1.1,3.2,4.3,Sul
CLI-0418,77,Masculino,44,Basico,57.8,13,21,3,2.9,1.8,4.0,Sul
CLI-0419,71,Feminino,11,Basico,21.67,4,84,0,4.9,3.3,1.1,Oeste
CLI-0420,20,Feminino,1,Basico,74.26,50,15,5,4.4,2.5,4.4,Sudeste
CLI-0421,61,Feminino,17,Familia,82.52,4,66,10,3.5,3.3,2.9,Leste
CLI-0422,53,Feminino,14,Basico,93.71,25,101,1,3.0,1.9,4.1,Leste
CLI-0423,68,Feminino,12,Premium,22.62,2,94,5,4.6,1.4,4.4,Norte
CLI-0424,74,Feminino,15,Premium,21.2,36,9,1,3.3,4.1,1.0,Norte
CLI-0425,75,Masculino,35,Basico,40.73,6,45,6,4.8,2.7,2.6,Sudeste
CLI-0426,62,Feminino,52,Basico,79.34,34,43,5,2.1,1.1,2.3,Oeste
CLI-0427,23,Masculino,30,Familia,74.4,21,40,6,1.6,3.8,2.6,Oeste
CLI-0428,36,Feminino,44,Basico,54.92,6,52,8,4.1,3.6,2.7,Sul
CLI-0429,70,Masculino,12,Basico,68.96,9,116,1,3.3,2.1,4.5,Sudeste
CLI-0430,44,Feminino,4,Familia,31.62,45,41,8,1.5,1.5,3.3,Sul
CLI-0431,18,Masculino,45,Premium,76.99,32,72,4,1.6,2.6,3.4,Norte
CLI-0432,58,Feminino,24,Basico,42.62,10,81,7,1.6,3.1,4.4,Norte
CLI-0433,78,Feminino,36,Basico,25.01,46,120,10,1.1,4.0,3.9,Norte
CLI-0434,41,Masculino,15,Familia,56.17,21,61,5,3.0,2.6,2.2,Sul
CLI-0435,74,Masculino,55,Basico,98.15,3,113,1,4.1,3.4,1.1,Sul
CLI-0436,19,Masculino,3,Basico,66.19,2,45,4,3.7,1.5,2.0,Sudeste
CLI-0437,40,Feminino,50,Premium,89.1,37,96,3,3.4,2.3,3.0,Leste
CLI-0438,27,Feminino,24,Basico,93.34,5,97,6,1.3,4.2,1.8,Leste
CLI-0439,60,Masculino,8,Familia,93.65,27,78,1,2.3,4.6,1.3,Norte
CLI-0440,62,Masculino,18,Familia,88.38,19,108,2,1.9,4.5,2.2,Sul
CLI-0441,56,Masculino,32,Basico,69.86,42,48,9,3.9,4.3,4.1,Sudeste
CLI-0442,44,Feminino,41,Familia,79.05,35,18,8,2.5,1.3,2.0,Leste
CLI-0443,45,Feminino,2,Basico,90.84,37,67,7,1.5,3.0,1.7,Oeste
CLI-0444,61,Masculino,49,Familia,66.67,32,38,0,4.1,4.8,4.9,Sul
CLI-0445,30,Masculino,30,Familia,75.82,18,26,7,3.0,3.0,2.7,Norte
CLI-0446,22,Masculino,15,Familia,83.07,1,61,10,1.2,1.4,3.9,Norte
CLI-0447,27,Feminino,6,Familia,34.35,40,85,4,2.3,1.4,4.1,Sudeste
CLI-0448,65,Feminino,55,Premium,56.01,25,10,8,4.2,1.4,3.3,Sudeste
CLI-0449,44,Masculino,54,Premium,64.1,34,64,2,1.3,4.2,1.2,Sudeste
CLI-0450,75,Feminino,35,Basico,39.18,1,72,8,1.3,4.5,4.9,Leste
CLI-0451,66,Masculino,56,Basico,30.85,14,101,1,2.0,1.5,1.2,Norte
CLI-0452,72,Masculino,58,Premium,99.72,0,114,9,3.0,3.9,4.0,Leste
CLI-0453,46,Feminino,4,Basico,73.14,41,53,6,3.4,4.1,2.9,Leste
CLI-0454,57,Feminino,28,Basico,89.06,17,92,1,1.8,3.1,1.2,Sul
CLI-0455,67,Masculino,30,Premium,96.84,36,60,3,1.7,1.3,2.8,Norte
CLI-0456,29,Masculino,57,Premium,71.22,7,31,6,4.1,3.3,3.0,Sul
CLI-0457,33,Masculino,34,Premium,98.13,23,103,5,1.4,2.5,1.7,Oeste
CLI-0458,46,Masculino,9,Basico,23.99,42,120,5,2.0,3.0,3.4,Sudeste
CLI-0459,47,Feminino,49,Familia,20.91,13,99,7,1.8,3.6,1.8,Norte
CLI-0460,78,Masculino,3,Familia,69.91,26,66,1,1.1,2.9,3.4,Leste
CLI-0461,57,Masculino,10,Basico,43.32,20,15,2,3.2,1.3,3.9,Sul
CLI-0462,50,Feminino,3,Basico,61.35,34,49,7,4.1,4.7,1.0,Oeste
CLI-0463,55,Feminino,25,Premium,84.26,6,29,7,4.6,2.6,2.0,Sudeste
CLI-0464,35,Masculino,42,Premium,70.09,48,17,1,2.2,3.4,2.7,Norte
CLI-0465,63,Masculino,6,Basico,64.49,14,78,2,4.4,1.4,2.8,Norte
CLI-0466,62,Masculino,32,Premium,50.5,1,45,6,1.9,4.0,2.8,Oeste
CLI-0467,50,Masculino,50,Familia,28.01,1,72,0,1.3,1.4,3.3,Leste
CLI-0468,44,Masculino,56,Premium,39.61,39,107,5,3.3,4.6,4.3,Sul
CLI-0469,43,Feminino,42,Familia,44.83,4,26,4,4.9,1.6,2.5,Leste
CLI-0470,22,Feminino,50,Premium,78.84,38,95,9,3.5,1.7,3.3,Norte
CLI-0471,72,Masculino,31,Basico,71.06,40,113,8,4.5,2.5,3.6,Sul
CLI-0472,58,Feminino,27,Premium,43.73,19,97,7,3.8,4.5,3.3,Sul
CLI-0473,21,Feminino,3,Basico,82.67,17,71,8,3.1,2.5,2.4,Norte
CLI-0474,67,Masculino,18,Basico,61.06,14,60,7,4.6,4.8,4.1,Norte
CLI-0475,36,Masculino,24,Premium,53.84,35,65,10,2.3,3.9,2.7,Leste
CLI-0476,48,Feminino,9,Basico,68.45,28,69,2,1.2,2.3,1.3,Sul
CLI-0477,23,Feminino,16,Premium,95.39,27,79,1,4.8,4.6,5.0,Sudeste
CLI-0478,46,Feminino,54,Premium,91.82,39,88,0,2.6,1.8,4.4,Oeste
CLI-0479,57,Masculino,49,Basico,30.02,2,67,8,2.5,3.2,3.6,Sudeste
CLI-0480,18,Masculino,26,Basico,21.02,38,120,7,4.1,2.1,4.7,Leste
CLI-0481,56,Masculino,37,Premium,64.57,32,35,4,4.7,2.1,4.5,Leste
CLI-0482,55,Masculino,56,Basico,42.47,36,29,9,1.1,3.2,4.2,Norte
CLI-0483,34,Feminino,34,Basico,62.38,7,62,0,3.2,1.6,3.7,Leste
CLI-0484,30,Feminino,18,Premium,23.68,35,84,0,2.1,1.0,4.0,Sul
CLI-0485,24,Masculino,2,Premium,34.06,40,85,10,1.4,3.6,3.8,Leste
CLI-0486,71,Feminino,17,Familia,35.43,34,9,1,4.2,3.2,2.8,Norte
CLI-0487,79,Feminino,37,Basico,90.7,47,67,3,4.4,4.8,3.7,Norte
CLI-0488,19,Feminino,38,Familia,59.4,24,50,4,4.9,4.0,1.0,Leste
CLI-0489,58,Feminino,6,Familia,31.8,21,16,2,1.8,2.7,3.7,Leste
CLI-0490,68,Masculino,8,Premium,59.21,11,6,3,4.0,4.0,3.8,Oeste
CLI-0491,35,Feminino,34,Premium,76.79,5,57,0,3.3,4.9,3.0,Sul
CLI-0492,49,Masculino,21,Premium,88.54,30,113,1,4.1,4.2,3.7,Norte
CLI-0493,26,Feminino,43,Premium,25.12,9,56,2,2.8,2.5,3.3,Leste
CLI-0494,53,Masculino,3,Familia,70.07,8,55,6,2.0,2.5,3.9,Leste
CLI-0495,69,Masculino,36,Familia,51.17,22,98,10,4.9,2.8,4.2,Leste
CLI-0496,18,Masculino,49,Premium,23.3,8,22,6,4.9,4.1,4.8,Oeste
CLI-0497,69,Feminino,38,Familia,34.46,4,19,9,3.9,3.3,1.7,Sul
CLI-0498,40,Masculino,17,Basico,35.22,39,18,7,3.2,4.5,3.3,Oeste
CLI-0499,72,Feminino,6,Familia,76.96,7,75,10,2.8,4.3,1.8,Oeste
CLI-0500,19,Feminino,23,Basico,59.5,16,119,1,1.4,1.7,1.4,Sul
CLI-0501,22,Masculino,46,Premium,24.43,22,43,1,3.3,2.1,3.1,Leste
CLI-0502,26,Feminino,18,Basico,57.97,43,5,3,1.8,4.1,3.8,Sudeste
CLI-0503,42,Feminino,50,Basico,77.28,43,119,6,1.7,4.3,1.4,Leste
CLI-0504,77,Feminino,1,Basico,21.54,21,89,10,1.9,3.6,2.5,Leste
CLI-0505,73,Feminino,16,Familia,65.38,27,46,5,1.0,3.6,1.3,Norte
CLI-0506,62,Masculino,11,Premium,47.0,26,83,4,3.7,3.8,1.2,Sudeste
CLI-0507,35,Masculino,40,Basico,69.73,7,38,8,4.8,3.6,4.0,Oeste
CLI-0508,30,Masculino,49,Premium,74.86,48,38,7,2.9,1.1,3.5,Sul
CLI-0509,22,Masculino,16,Basico,39.74,24,30,2,3.6,2.0,3.2,Norte
CLI-0510,20,Masculino,54,Familia,70.63,12,102,0,4.1,2.6,1.8,Leste
CLI-0511,62,Masculino,36,Familia,30.23,50,18,8,2.6,4.5,3.2,Oeste
CLI-0512,79,Masculino,20,Basico,81.1,5,56,7,2.6,3.8,4.5,Norte
CLI-0513,76,Masculino,30,Familia,50.88,19,114,9,2.9,3.1,1.8,Norte
CLI-0514,38,Feminino,2,Familia,35.58,19,18,9,3.2,4.8,3.3,Sudeste
CLI-0515,71,Feminino,45,Familia,62.36,6,51,0,1.3,1.6,2.7,Sudeste
CLI-0516,70,Masculino,43,Premium,98.12,26,19,2,2.2,4.2,2.3,Leste
CLI-0517,50,Masculino,47,Premium,45.12,4,16,8,2.9,3.8,2.1,Norte
CLI-0518,77,Masculino,15,Familia,53.74,5,44,8,4.1,3.9,4.1,Oeste
CLI-0519,50,Feminino,23,Familia,38.88,21,64,0,1.5,2.9,4.8,Oeste
CLI-0520,19,Feminino,35,Premium,34.68,5,11,2,1.9,1.2,2.3,Leste
CLI-0521,48,Masculino,10,Premium,76.7,47,27,7,2.8,2.9,2.0,Oeste
CLI-0522,35,Feminino,2,Premium,50.76,11,62,9,2.1,1.4,2.4,Leste
CLI-0523,19,Feminino,36,Premium,44.48,16,51,8,5.0,4.4,1.7,Leste
CLI-0524,70,Feminino,15,Premium,88.58,14,57,3,4.5,2.7,3.5,Leste
CLI-0525,36,Feminino,43,Premium,43.83,10,11,8,4.2,1.5,2.8,Leste
CLI-0526,70,Feminino,60,Premium,73.6,49,119,6,1.2,4.1,2.4,Leste
CLI-0527,30,Masculino,33,Basico,61.29,45,22,8,4.2,4.8,2.2,Norte
CLI-0528,56,Feminino,32,Basico,22.53,17,25,0,5.0,2.5,1.3,Oeste
CLI-0529,42,Masculino,55,Premium,72.48,41,93,4,2.8,4.9,3.1,Sudeste
CLI-0530,31,Feminino,36,Familia,76.55,47,34,3,1.1,1.7,2.8,Sul
CLI-0531,53,Feminino,5,Basico,61.85,13,33,4,3.4,4.8,1.9,Sul
CLI-0532,30,Masculino,32,Basico,93.1,48,64,4,3.0,3.0,2.3,Sudeste
CLI-0533,64,Masculino,22,Basico,98.42,22,5,0,1.7,3.7,4.9,Sul
CLI-0534,22,Feminino,24,Familia,75.58,18,114,8,4.1,4.8,2.5,Sul
CLI-0535,28,Feminino,19,Premium,26.72,47,38,8,1.6,3.0,2.8,Sul
CLI-0536,22,Feminino,45,Premium,54.27,5,27,0,2.6,2.7,5.0,Sul
CLI-0537,31,Masculino,9,Premium,26.33,26,9,9,1.8,3.3,2.5,Sul
CLI-0538,47,Feminino,52,Premium,70.18,45,52,10,1.5,1.9,2.6,Oeste
CLI-0539,19,Masculino,36,Basico,41.43,7,97,4,3.4,4.9,1.8,Sudeste
CLI-0540,77,Feminino,58,Premium,59.46,48,43,3,4.3,2.0,1.2,Sul
CLI-0541,34,Feminino,44,Premium,49.51,38,63,6,4.4,2.5,4.5,Norte
CLI-0542,19,Masculino,59,Premium,72.63,44,24,3,1.2,4.3,2.1,Leste
CLI-0543,71,Masculino,7,Basico,73.62,33,35,0,3.5,2.6,3.5,Sul
CLI-0544,35,Masculino,48,Premium,36.72,50,8,9,2.2,1.1,2.3,Oeste
CLI-0545,35,Masculino,28,Basico,96.2,0,67,8,1.2,4.8,3.7,Oeste
CLI-0546,48,Feminino,45,Basico,52.52,50,76,6,3.9,3.5,3.4,Leste
CLI-0547,58,Masculino,48,Basico,85.15,7,63,1,2.3,4.5,4.5,Norte
CLI-0548,57,Feminino,50,Premium,98.96,39,69,6,4.0,4.4,1.8,Sul
CLI-0549,32,Feminino,22,Familia,62.6,42,87,7,2.1,2.0,1.7,Leste
CLI-0550,29,Masculino,48,Familia,63.09,25,84,9,3.8,2.2,3.7,Oeste
CLI-0551,20,Masculino,26,Familia,59.76,27,28,7,1.8,4.3,3.4,Oeste
CLI-0552,29,Feminino,3,Basico,72.4,49,5,2,4.0,1.0,1.1,Sudeste
CLI-0553,46,Feminino,9,Premium,25.25,11,84,1,4.6,1.5,4.3,Sudeste
CLI-0554,28,Masculino,1,Basico,20.85,35,15,5,1.5,4.5,4.6,Leste
CLI-0555,45,Masculino,8,Basico,67.67,28,12,3,4.1,1.2,1.5,Norte
CLI-0556,68,Masculino,30,Familia,39.93,45,24,5,4.9,4.3,3.5,Norte
CLI-0557,27,Feminino,48,Familia,22.09,32,85,6,4.7,4.0,2.8,Leste
CLI-0558,67,Masculino,31,Familia,29.34,23,60,8,3.4,4.2,3.1,Norte
CLI-0559,18,Feminino,16,Premium,68.84,30,81,0,1.1,3.3,2.7,Norte
CLI-0560,23,Masculino,45,Basico,78.73,6,10,7,2.0,2.6,1.3,Sudeste
CLI-0561,77,Masculino,9,Basico,67.75,36,33,2,3.4,4.4,1.6,Leste
CLI-0562,30,Feminino,23,Premium,25.01,18,51,9,3.9,1.7,4.1,Sudeste
CLI-0563,39,Masculino,2,Familia,73.99,21,106,4,1.6,2.2,1.1,Oeste
CLI-0564,79,Masculino,42,Premium,48.52,14,84,4,2.1,4.6,3.1,Sudeste
CLI-0565,76,Feminino,34,Premium,38.2,10,26,5,5.0,2.6,2.2,Leste
CLI-0566,60,Feminino,38,Basico,60.48,37,24,0,3.4,3.9,1.8,Norte
CLI-0567,72,Feminino,19,Basico,90.03,28,53,3,3.7,4.7,2.4,Leste
CLI-0568,63,Feminino,8,Basico,68.89,33,106,8,2.0,1.8,2.8,Sudeste
CLI-0569,79,Masculino,28,Premium,88.16,8,78,1,3.9,2.4,3.4,Oeste
CLI-0570,56,Masculino,51,Familia,54.04,16,96,5,2.9,3.0,1.2,Sudeste
CLI-0571,45,Masculino,26,Basico,42.21,28,41,10,1.9,4.2,1.1,Oeste
CLI-0572,28,Masculino,31,Premium,41.47,14,30,0,3.6,2.2,3.9,Sudeste
CLI-0573,39,Feminino,7,Premium,84.83,12,86,9,1.1,4.2,3.7,Norte
CLI-0574,47,Feminino,35,Familia,41.51,44,79,5,4.5,2.4,4.9,Oeste
CLI-0575,73,Masculino,50,Familia,66.19,16,62,7,1.6,1.6,3.1,Sudeste
CLI-0576,70,Masculino,20,Premium,33.85,32,47,0,3.9,3.3,2.6,Sul
CLI-0577,36,Feminino,37,Premium,66.0,6,79,0,2.7,1.7,4.6,Oeste
CLI-0578,74,Masculino,18,Basico,42.35,50,119,8,3.1,1.7,5.0,Sudeste
CLI-0579,20,Feminino,24,Basico,20.34,50,113,6,2.4,4.7,2.3,Sudeste
CLI-0580,53,Masculino,1,Premium,73.66,20,112,2,4.4,1.9,2.2,Sudeste
CLI-0581,52,Feminino,44,Basico,65.57,48,74,3,3.9,1.7,4.2,Oeste
CLI-0582,76,Feminino,39,Premium,82.36,27,87,6,4.7,2.7,4.9,Leste
CLI-0583,20,Feminino,46,Premium,21.44,5,47,6,4.2,4.9,2.8,Norte
CLI-0584,79,Feminino,15,Basico,28.54,1,60,3,4.2,2.0,2.8,Oeste
CLI-0585,70,Feminino,20,Basico,78.12,15,107,0,2.1,1.2,2.7,Sudeste
CLI-0586,68,Masculino,48,Familia,51.61,40,81,4,1.8,3.7,3.8,Sul
CLI-0587,18,Feminino,19,Familia,79.39,47,88,1,1.1,2.2,3.4,Oeste
CLI-0588,75,Masculino,49,Basico,72.75,15,110,6,2.9,1.8,4.2,Norte
CLI-0589,18,Feminino,6,Premium,35.21,3,24,10,1.6,2.1,3.3,Oeste
CLI-0590,68,Masculino,50,Familia,32.19,6,118,1,2.7,1.1,3.6,Sudeste
CLI-0591,52,Feminino,33,Basico,60.36,31,63,3,1.4,4.8,4.4,Oeste
CLI-0592,38,Feminino,4,Basico,20.33,4,43,10,3.9,4.1,3.5,Leste
CLI-0593,77,Feminino,58,Premium,57.7,7,102,3,3.4,3.4,3.1,Sudeste
CLI-0594,57,Feminino,9,Familia,78.71,42,30,4,3.9,5.0,2.2,Leste
CLI-0595,69,Feminino,17,Familia,91.6,37,10,4,2.8,2.1,1.2,Sul
CLI-0596,40,Feminino,57,Premium,53.59,19,26,0,3.9,5.0,3.5,Leste
CLI-0597,38,Feminino,3,Familia,97.29,4,28,6,1.6,4.3,4.9,Norte
CLI-0598,60,Masculino,24,Basico,25.63,32,66,8,3.9,2.2,2.3,Oeste
CLI-0599,79,Feminino,26,Premium,55.54,46,8,0,2.6,2.5,1.6,Sudeste
CLI-0600,21,Masculino,58,Premium,72.98,41,48,6,1.7,3.4,3.3,Sudeste
CLI-0601,20,Masculino,34,Familia,32.76,13,80,7,4.2,3.7,4.1,Leste
CLI-0602,68,Masculino,23,Premium,65.5,21,9,7,4.3,3.9,2.3,Oeste
CLI-0603,41,Masculino,48,Basico,82.15,41,28,7,3.6,2.4,3.8,Leste
CLI-0604,74,Masculino,39,Premium,29.42,32,96,3,4.0,4.5,2.7,Oeste
CLI-0605,33,Feminino,44,Premium,28.74,39,79,8,1.7,2.5,4.5,Sudeste
CLI-0606,58,Masculino,38,Basico,91.06,30,52,7,4.7,1.1,2.9,Sudeste
CLI-0607,29,Masculino,57,Familia,69.8,17,60,6,3.0,4.9,4.7,Oeste
CLI-0608,29,Feminino,59,Familia,60.13,32,71,5,1.3,1.5,4.7,Sudeste
CLI-0609,48,Feminino,16,Familia,96.3,10,85,5,4.5,4.9,1.4,Leste
CLI-0610,78,Masculino,25,Basico,97.87,37,16,5,4.2,3.8,1.9,Leste
CLI-0611,32,Masculino,37,Premium,56.84,27,85,5,2.7,3.0,1.7,Norte
CLI-0612,39,Masculino,4,Basico,69.97,26,76,5,1.9,2.8,2.4,Norte
CLI-0613,65,Masculino,5,Premium,81.35,12,12,9,2.4,2.6,2.6,Oeste
CLI-0614,45,Feminino,21,Familia,24.61,35,62,2,2.3,4.2,1.6,Oeste
CLI-0615,80,Masculino,5,Premium,23.28,36,99,10,2.9,3.1,2.2,Norte
CLI-0616,66,Feminino,48,Basico,58.48,37,84,10,2.9,1.7,3.7,Sudeste
CLI-0617,36,Masculino,22,Basico,74.91,9,72,4,2.0,1.5,4.9,Sudeste
CLI-0618,70,Masculino,58,Basico,72.63,21,45,3,1.2,2.0,1.1,Sul
CLI-0619,79,Feminino,35,Basico,22.27,9,23,9,5.0,1.4,1.4,Oeste
CLI-0620,66,Masculino,7,Premium,98.61,14,77,0,3.8,2.6,1.9,Sul
CLI-0621,61,Masculino,32,Basico,97.51,33,65,8,4.9,3.0,3.4,Norte
CLI-0622,28,Feminino,21,Premium,42.83,1,70,8,2.4,2.7,1.6,Sudeste
CLI-0623,70,Masculino,3,Basico,51.91,17,76,6,2.4,2.8,4.5,Oeste
CLI-0624,48,Feminino,48,Familia,32.11,27,38,2,2.1,4.3,1.2,Norte
CLI-0625,77,Feminino,20,Basico,67.95,31,52,3,1.7,3.7,1.0,Norte
CLI-0626,36,Masculino,29,Familia,91.14,8,7,5,4.4,3.9,4.5,Sul
CLI-0627,49,Masculino,12,Familia,48.81,41,88,9,1.7,2.6,4.8,Norte
CLI-0628,71,Feminino,29,Familia,30.18,47,110,2,4.8,2.0,1.5,Norte
CLI-0629,50,Masculino,45,Familia,52.08,33,114,0,1.7,2.0,3.3,Sul
CLI-0630,43,Feminino,39,Basico,31.69,46,118,2,3.3,4.6,4.4,Sul
CLI-0631,21,Feminino,39,Basico,79.98,47,102,5,3.0,4.7,4.6,Oeste
CLI-0632,28,Feminino,16,Familia,86.86,12,21,10,3.7,1.7,4.1,Norte
CLI-0633,29,Feminino,18,Familia,87.31,47,61,10,2.5,2.5,1.5,Norte
CLI-0634,67,Feminino,23,Familia,76.16,25,70,10,4.8,2.0,4.6,Sudeste
CLI-0635,70,Masculino,6,Familia,33.14,27,43,9,4.6,2.0,2.6,Leste
CLI-0636,21,Masculino,57,Premium,86.59,43,75,0,2.5,1.8,2.1,Leste
CLI-0637,18,Masculino,42,Basico,87.52,22,48,6,4.2,4.9,1.7,Sul
CLI-0638,27,Masculino,14,Premium,93.51,5,36,1,5.0,1.8,4.3,Norte
CLI-0639,78,Masculino,19,Basico,79.67,17,26,7,2.7,4.4,1.8,Norte
CLI-0640,63,Feminino,10,Basico,58.52,33,108,1,4.3,4.6,3.0,Sul
CLI-0641,27,Feminino,13,Premium,47.28,12,15,2,2.9,2.4,3.9,Norte
CLI-0642,66,Feminino,21,Premium,60.76,45,87,7,1.6,4.2,1.2,Norte
CLI-0643,75,Masculino,37,Familia,46.34,39,64,9,3.2,4.1,3.6,Sul
CLI-0644,31,Masculino,46,Premium,97.5,27,114,8,2.3,2.0,3.2,Oeste
CLI-0645,48,Feminino,21,Familia,49.37,13,31,8,2.5,3.0,3.9,Sudeste
CLI-0646,70,Masculino,6,Familia,76.63,23,119,3,2.7,1.9,4.1,Norte
CLI-0647,48,Feminino,1,Premium,47.18,24,58,4,1.5,2.1,4.8,Oeste
CLI-0648,79,Masculino,10,Familia,46.03,20,74,2,2.5,1.6,4.7,Oeste
CLI-0649,41,Feminino,29,Familia,67.23,34,71,1,4.0,4.5,1.8,Sul
CLI-0650,31,Feminino,27,Basico,40.05,23,74,7,4.4,3.0,1.4,Norte
CLI-0651,58,Feminino,37,Familia,22.54,35,118,9,2.4,3.9,2.5,Sul
CLI-0652,55,Feminino,56,Basico,53.91,38,93,6,1.9,4.3,2.6,Norte
CLI-0653,59,Feminino,23,Familia,45.29,20,37,10,3.1,4.2,3.9,Norte
CLI-0654,63,Masculino,51,Familia,49.51,39,65,1,4.6,1.7,1.5,Leste
CLI-0655,73,Feminino,40,Basico,75.08,44,85,4,4.2,1.8,4.0,Leste
CLI-0656,50,Feminino,8,Premium,77.18,15,115,0,2.0,2.1,1.4,Sul
CLI-0657,44,Masculino,16,Premium,59.93,22,65,6,2.3,1.9,1.2,Oeste
CLI-0658,37,Masculino,30,Familia,23.77,18,91,9,2.2,1.4,1.4,Sul
CLI-0659,35,Masculino,52,Premium,32.53,30,34,3,4.0,2.8,4.2,Sul
CLI-0660,75,Feminino,1,Premium,96.45,2,24,10,4.2,1.3,4.2,Norte
CLI-0661,18,Feminino,31,Familia,36.21,4,113,1,2.8,1.7,2.7,Sul
CLI-0662,31,Masculino,7,Basico,59.06,42,107,10,1.8,3.1,3.9,Sul
CLI-0663,80,Feminino,34,Familia,37.87,30,49,1,2.9,2.7,3.2,Sudeste
CLI-0664,80,Feminino,1,Familia,99.86,36,13,4,3.6,1.6,1.9,Sudeste
CLI-0665,36,Feminino,50,Premium,89.71,22,96,6,4.7,2.0,4.8,Oeste
CLI-0666,47,Masculino,14,Basico,98.32,22,10,5,3.2,4.0,4.2,Sudeste
CLI-0667,26,Masculino,24,Familia,23.84,28,93,4,2.4,3.8,1.1,Leste
CLI-0668,24,Masculino,53,Premium,24.48,2,21,6,4.6,3.8,1.7,Norte
CLI-0669,40,Feminino,41,Premium,99.89,28,10,10,4.8,4.1,4.2,Sul
CLI-0670,73,Feminino,10,Basico,57.89,22,28,9,1.1,3.9,3.6,Oeste
CLI-0671,61,Feminino,59,Basico,20.6,34,102,6,1.8,3.8,2.2,Sudeste
CLI-0672,29,Feminino,41,Basico,59.25,28,17,2,1.5,2.4,2.3,Norte
CLI-0673,39,Feminino,44,Familia,67.8,24,105,2,4.9,4.4,4.6,Sudeste
CLI-0674,68,Masculino,11,Familia,69.28,30,62,4,2.5,4.8,2.7,Oeste
CLI-0675,68,Feminino,31,Premium,85.34,22,26,6,1.2,2.0,1.5,Oeste
CLI-0676,75,Masculino,47,Familia,66.94,42,104,5,2.5,1.5,2.9,Leste
CLI-0677,28,Masculino,47,Premium,42.38,27,47,2,1.4,3.1,3.6,Sudeste
CLI-0678,56,Feminino,10,Premium,87.64,19,103,2,2.1,3.5,4.5,Sudeste
CLI-0679,80,Feminino,56,Familia,40.48,21,35,3,2.7,2.4,4.3,Sudeste
CLI-0680,56,Feminino,6,Premium,75.01,38,118,10,2.4,2.8,2.9,Leste
CLI-0681,61,Feminino,24,Familia,54.53,48,72,0,1.6,4.1,4.8,Leste
CLI-0682,66,Masculino,16,Premium,36.24,26,63,5,3.0,2.5,3.4,Norte
CLI-0683,78,Feminino,15,Familia,85.73,12,13,2,3.1,3.9,2.7,Leste
CLI-0684,19,Masculino,60,Familia,36.35,40,120,8,1.6,1.2,1.4,Leste
CLI-0685,31,Feminino,51,Premium,34.86,7,12,9,2.0,2.9,4.4,Sul
CLI-0686,55,Masculino,56,Premium,53.65,28,26,0,1.5,4.2,2.1,Leste
CLI-0687,37,Feminino,27,Basico,39.07,39,59,7,4.5,2.9,4.5,Norte
CLI-0688,46,Masculino,16,Premium,83.06,44,86,3,1.5,4.6,1.2,Norte
CLI-0689,70,Masculino,40,Familia,66.91,32,95,5,1.6,2.3,2.2,Leste
CLI-0690,45,Feminino,52,Familia,64.85,32,22,2,3.0,3.9,2.3,Oeste
CLI-0691,39,Masculino,48,Basico,32.73,26,17,4,2.1,2.2,1.0,Sudeste
CLI-0692,58,Masculino,28,Familia,55.74,20,46,0,2.8,3.0,4.9,Leste
CLI-0693,60,Feminino,33,Premium,23.09,48,13,0,2.0,1.8,2.9,Leste
CLI-0694,68,Masculino,4,Familia,27.31,34,40,9,1.8,2.1,2.4,Leste
CLI-0695,38,Feminino,15,Premium,67.1,38,71,6,4.2,3.1,2.0,Sul
CLI-0696,48,Masculino,38,Basico,64.02,32,108,9,4.1,4.1,4.6,Norte
CLI-0697,25,Feminino,57,Familia,59.79,33,72,3,1.8,3.0,2.5,Norte
CLI-0698,57,Masculino,7,Basico,30.5,5,113,5,2.7,1.9,5.0,Leste
CLI-0699,21,Feminino,60,Premium,98.36,22,22,1,3.1,1.9,1.6,Oeste
CLI-0700,28,Feminino,9,Premium,24.94,24,102,9,3.2,3.0,1.7,Oeste
CLI-0701,21,Feminino,42,Familia,54.34,29,118,5,3.8,3.8,2.1,Sudeste
CLI-0702,76,Feminino,10,Familia,67.55,10,9,1,4.1,2.3,4.4,Leste
CLI-0703,61,Feminino,38,Familia,40.64,44,43,3,4.5,4.1,2.4,Sudeste
CLI-0704,32,Feminino,30,Premium,27.16,30,16,2,1.3,1.4,3.4,Sul
CLI-0705,56,Masculino,31,Basico,84.96,0,6,9,3.6,4.1,3.2,Sul
CLI-0706,70,Masculino,32,Premium,24.33,18,82,4,4.6,2.9,1.3,Leste
CLI-0707,44,Feminino,18,Basico,65.49,3,113,0,2.3,4.1,3.6,Sudeste
CLI-0708,26,Feminino,27,Basico,53.65,19,51,7,3.7,4.0,4.5,Norte
CLI-0709,76,Feminino,17,Familia,64.01,26,91,0,4.8,1.6,4.5,Norte
CLI-0710,57,Feminino,6,Premium,36.21,11,49,3,1.7,2.5,2.0,Oeste
CLI-0711,23,Masculino,52,Basico,79.06,50,76,3,2.8,4.6,2.8,Oeste
CLI-0712,70,Masculino,16,Familia,76.25,0,67,0,3.6,2.5,3.7,Norte
CLI-0713,36,Masculino,41,Basico,31.82,8,61,4,1.7,4.6,4.8,Sul
CLI-0714,59,Masculino,27,Basico,81.07,5,60,4,1.5,4.2,1.5,Norte
CLI-0715,18,Masculino,28,Premium,37.04,50,13,1,4.0,4.4,4.9,Oeste
CLI-0716,19,Feminino,25,Familia,72.47,24,47,5,3.5,3.7,1.5,Sudeste
CLI-0717,56,Feminino,33,Familia,98.6,15,49,1,4.6,4.9,4.3,Oeste
CLI-0718,43,Masculino,20,Familia,81.94,27,29,10,4.1,2.4,2.0,Sudeste
CLI-0719,37,Masculino,58,Premium,36.53,38,48,1,1.6,2.0,3.2,Oeste
CLI-0720,73,Masculino,41,Familia,31.22,10,19,8,2.8,4.1,1.9,Oeste
CLI-0721,50,Masculino,12,Basico,28.5,48,117,8,4.8,3.0,3.2,Norte
CLI-0722,72,Feminino,3,Premium,91.21,16,86,5,2.9,4.3,3.3,Sul
CLI-0723,59,Feminino,40,Familia,54.0,16,40,4,4.2,3.2,2.9,Sudeste
CLI-0724,18,Masculino,25,Familia,63.85,31,53,2,1.4,2.5,3.0,Sudeste
CLI-0725,41,Feminino,16,Familia,95.7,34,104,4,3.9,2.1,1.3,Sudeste
CLI-0726,76,Masculino,49,Familia,56.84,12,89,2,4.3,4.1,4.7,Leste
CLI-0727,74,Feminino,15,Familia,41.83,14,39,0,1.5,1.5,1.9,Sul
CLI-0728,43,Masculino,28,Basico,72.54,44,5,0,2.9,4.0,1.8,Sul
CLI-0729,47,Masculino,30,Premium,46.58,43,24,3,1.4,4.0,4.6,Oeste
CLI-0730,35,Feminino,41,Premium,72.82,33,92,9,2.2,4.5,2.9,Sul
CLI-0731,71,Feminino,41,Basico,23.56,25,65,9,2.9,2.3,1.7,Sudeste
CLI-0732,67,Masculino,51,Basico,77.57,0,30,7,2.5,4.8,3.1,Norte
CLI-0733,62,Feminino,56,Basico,80.47,16,50,7,1.1,1.8,2.3,Sudeste
CLI-0734,79,Masculino,58,Familia,48.36,9,92,2,1.3,1.2,4.2,Norte
CLI-0735,80,Masculino,19,Familia,20.59,24,43,10,3.4,2.9,4.8,Norte
CLI-0736,23,Feminino,23,Premium,31.42,11,27,6,4.2,1.3,4.1,Sudeste
CLI-0737,58,Masculino,7,Basico,81.62,19,78,2,2.0,2.2,1.9,Sudeste
CLI-0738,49,Masculino,14,Basico,80.91,49,34,4,2.4,4.0,2.6,Sul
CLI-0739,55,Feminino,42,Familia,67.76,33,46,10,4.2,4.9,2.3,Norte
CLI-0740,34,Feminino,33,Premium,79.51,20,114,6,2.5,2.6,5.0,Leste
CLI-0741,22,Feminino,4,Premium,72.91,33,31,3,2.2,3.2,2.8,Norte
CLI-0742,62,Feminino,13,Basico,28.5,26,70,3,1.5,4.5,1.6,Sudeste
CLI-0743,74,Masculino,15,Basico,65.6,28,113,2,3.7,4.5,1.5,Sul
CLI-0744,79,Masculino,35,Familia,33.83,27,16,8,3.1,4.8,4.8,Sudeste
CLI-0745,27,Masculino,49,Basico,86.97,45,119,6,3.6,4.0,2.2,Sudeste
CLI-0746,69,Feminino,30,Premium,44.35,34,26,5,1.1,2.3,4.8,Oeste
CLI-0747,55,Feminino,9,Basico,79.14,7,113,5,2.2,2.6,1.9,Norte
CLI-0748,77,Masculino,34,Familia,79.97,14,71,7,2.2,3.6,2.5,Sudeste
CLI-0749,46,Masculino,54,Familia,31.93,29,50,8,3.5,1.7,4.8,Sul
CLI-0750,61,Masculino,51,Familia,90.49,36,74,0,1.8,3.3,2.0,Oeste
CLI-0751,51,Masculino,11,Premium,51.64,5,99,2,2.9,4.0,3.1,Leste
CLI-0752,61,Feminino,29,Premium,39.71,37,91,2,2.4,3.8,4.7,Oeste
CLI-0753,65,Feminino,18,Basico,99.48,19,20,5,3.0,2.7,3.0,Norte
CLI-0754,77,Masculino,5,Premium,92.3,29,84,10,1.9,2.1,3.2,Oeste
CLI-0755,63,Masculino,7,Premium,20.64,22,108,5,1.3,1.6,2.3,Sudeste
CLI-0756,44,Masculino,6,Basico,82.7,19,87,4,3.0,3.8,1.9,Oeste
CLI-0757,76,Feminino,15,Basico,41.6,22,107,9,1.6,2.1,3.9,Oeste
CLI-0758,56,Masculino,22,Premium,76.34,3,108,4,3.8,3.0,3.3,Sul
CLI-0759,76,Feminino,10,Basico,78.5,17,110,9,3.0,2.5,3.5,Sul
CLI-0760,52,Feminino,58,Premium,94.96,43,83,6,1.5,1.6,4.5,Oeste
CLI-0761,72,Feminino,44,Basico,50.8,6,28,6,1.4,2.6,5.0,Sudeste
CLI-0762,45,Masculino,60,Premium,97.18,46,7,1,4.4,1.7,2.2,Sul
CLI-0763,27,Masculino,30,Premium,43.11,0,49,1,1.1,2.5,2.1,Leste
CLI-0764,21,Masculino,53,Familia,69.84,42,19,10,2.1,1.4,4.3,Norte
CLI-0765,39,Masculino,60,Premium,22.71,6,21,4,4.4,4.6,1.5,Oeste
CLI-0766,21,Masculino,46,Familia,50.23,6,9,6,4.7,1.9,1.7,Leste
CLI-0767,53,Feminino,47,Premium,35.96,43,66,1,2.6,3.7,4.7,Sudeste
CLI-0768,47,Masculino,60,Basico,42.57,41,72,8,2.1,4.5,1.5,Leste
CLI-0769,70,Feminino,24,Familia,24.34,7,47,10,1.2,3.8,3.3,Oeste
CLI-0770,56,Masculino,19,Premium,74.47,36,46,5,2.1,3.1,4.5,Oeste
CLI-0771,35,Masculino,10,Familia,30.07,24,55,4,2.3,3.8,4.1,Oeste
CLI-0772,40,Masculino,22,Familia,50.12,26,89,2,4.1,2.7,1.7,Sul
CLI-0773,55,Masculino,24,Basico,87.39,0,26,2,3.8,2.9,4.8,Oeste
CLI-0774,44,Feminino,24,Basico,73.33,7,41,2,3.6,1.4,2.5,Sul
CLI-0775,20,Feminino,52,Familia,82.99,36,117,2,2.8,4.5,1.9,Sudeste
CLI-0776,44,Feminino,31,Premium,82.52,49,33,4,2.6,4.5,2.9,Oeste
CLI-0777,20,Feminino,17,Basico,65.29,22,18,5,5.0,4.3,4.7,Oeste
CLI-0778,56,Masculino,7,Familia,25.54,43,6,4,2.0,3.3,4.0,Leste
CLI-0779,26,Feminino,25,Premium,52.51,18,27,0,3.7,2.6,4.9,Norte
CLI-0780,42,Masculino,20,Familia,84.97,0,84,0,2.0,4.6,4.0,Oeste
CLI-0781,71,Feminino,18,Basico,45.46,5,31,3,4.3,4.5,4.3,Norte
CLI-0782,63,Feminino,43,Familia,56.68,25,35,1,4.5,1.7,1.8,Oeste
CLI-0783,69,Masculino,49,Basico,55.4,5,116,10,3.0,3.9,3.2,Leste
CLI-0784,20,Masculino,41,Familia,49.56,14,16,4,4.9,3.4,2.4,Sul
CLI-0785,72,Masculino,33,Familia,58.45,50,103,5,4.4,3.8,1.8,Sul
CLI-0786,28,Masculino,17,Basico,98.88,49,9,1,1.2,3.6,4.9,Oeste
CLI-0787,59,Masculino,20,Premium,82.78,25,61,0,2.8,3.9,4.0,Leste
CLI-0788,20,Masculino,4,Familia,80.3,47,73,3,3.5,2.6,1.2,Sul
CLI-0789,58,Feminino,20,Familia,50.44,17,20,8,4.7,3.1,3.4,Leste
CLI-0790,45,Masculino,34,Premium,50.52,7,7,7,4.4,4.3,3.8,Leste
CLI-0791,60,Masculino,32,Familia,22.87,50,49,1,2.8,4.5,3.3,Sul
CLI-0792,55,Feminino,24,Familia,66.88,31,91,8,4.3,1.2,3.2,Leste
CLI-0793,33,Feminino,37,Basico,56.38,23,65,7,2.7,3.5,4.9,Sul
CLI-0794,23,Feminino,35,Basico,47.89,41,57,0,4.6,4.2,3.4,Leste
CLI-0795,26,Masculino,39,Premium,24.76,1,27,7,2.3,4.8,4.8,Sul
CLI-0796,66,Feminino,18,Familia,38.26,31,51,1,1.9,3.3,2.2,Sudeste
CLI-0797,38,Masculino,51,Basico,23.45,42,111,9,4.8,1.7,2.7,Leste
CLI-0798,30,Masculino,14,Basico,33.57,10,105,10,4.8,4.0,2.6,Leste
CLI-0799,73,Masculino,6,Premium,58.6,10,101,2,3.5,2.7,3.5,Oeste
CLI-0800,60,Feminino,35,Basico,45.25,42,37,0,3.1,3.0,3.9,Oeste
CLI-0801,31,Masculino,18,Familia,90.45,38,47,1,4.2,2.1,1.1,Norte
CLI-0802,73,Feminino,58,Basico,86.16,39,40,4,1.2,4.1,3.0,Sul
CLI-0803,41,Feminino,33,Basico,20.42,21,105,4,4.3,1.3,3.6,Leste
CLI-0804,80,Masculino,35,Premium,97.88,21,52,7,3.1,1.9,3.8,Sudeste
CLI-0805,67,Masculino,22,Premium,45.6,24,56,6,1.8,4.6,4.2,Norte
CLI-0806,70,Masculino,51,Familia,42.85,10,35,9,2.5,3.0,2.1,Oeste
CLI-0807,67,Masculino,23,Premium,69.01,40,101,9,1.3,3.3,2.5,Norte
CLI-0808,49,Masculino,19,Familia,64.12,29,47,9,2.3,2.7,4.2,Sul
CLI-0809,36,Feminino,29,Premium,56.58,11,42,9,3.7,2.2,2.1,Sudeste
CLI-0810,32,Masculino,20,Premium,48.69,14,93,9,2.8,1.5,1.2,Norte
CLI-0811,63,Feminino,57,Basico,49.22,39,33,7,2.6,3.7,4.3,Sul
CLI-0812,20,Masculino,29,Premium,52.89,48,75,8,2.2,2.7,3.8,Norte
CLI-0813,42,Masculino,31,Premium,83.16,40,96,6,4.8,1.4,2.3,Sudeste
CLI-0814,45,Feminino,29,Basico,26.56,32,36,4,2.6,1.1,2.5,Sudeste
CLI-0815,26,Masculino,29,Premium,67.76,40,113,6,4.2,3.8,3.0,Leste
CLI-0816,21,Feminino,32,Familia,47.27,45,106,7,4.8,4.1,2.4,Leste
CLI-0817,31,Feminino,10,Basico,32.46,27,73,9,2.6,1.4,4.3,Leste
CLI-0818,48,Feminino,43,Familia,37.6,50,102,0,4.5,1.5,4.4,Oeste
CLI-0819,42,Masculino,52,Basico,89.56,28,95,9,4.5,3.6,3.7,Leste
CLI-0820,49,Masculino,32,Familia,90.23,47,93,2,1.4,3.9,3.9,Oeste
CLI-0821,57,Masculino,58,Premium,85.85,22,18,8,4.7,1.8,1.9,Leste
CLI-0822,39,Masculino,48,Premium,65.87,25,93,0,4.9,1.6,4.5,Norte
CLI-0823,40,Feminino,37,Familia,86.73,8,36,9,3.5,4.5,2.6,Norte
CLI-0824,63,Feminino,21,Basico,29.65,25,25,10,2.7,3.0,1.1,Sul
CLI-0825,57,Feminino,16,Familia,27.68,15,60,5,2.3,3.6,1.4,Leste
CLI-0826,61,Masculino,2,Basico,35.56,18,27,1,3.9,2.8,4.6,Sul
CLI-0827,62,Feminino,14,Basico,52.61,6,94,0,1.7,4.8,3.9,Norte
CLI-0828,19,Masculino,30,Premium,71.03,28,13,8,2.4,4.3,3.6,Oeste
CLI-0829,36,Masculino,15,Premium,80.09,25,63,10,2.5,3.6,1.3,Norte
CLI-0830,51,Masculino,6,Basico,48.89,44,101,6,2.4,2.6,1.9,Sudeste
CLI-0831,50,Feminino,47,Familia,87.6,29,13,2,2.4,1.3,4.3,Norte
CLI-0832,37,Feminino,46,Basico,75.54,22,105,2,2.7,2.7,4.9,Oeste
CLI-0833,62,Masculino,42,Basico,88.83,2,61,7,4.1,1.7,2.0,Leste
CLI-0834,27,Feminino,7,Premium,42.88,8,84,4,2.6,2.4,1.1,Oeste
CLI-0835,71,Feminino,45,Basico,36.69,21,82,4,4.8,2.7,3.9,Sul
CLI-0836,33,Feminino,7,Premium,43.14,30,109,9,5.0,4.3,2.0,Leste
CLI-0837,52,Feminino,45,Premium,37.34,2,58,10,2.0,2.4,2.8,Oeste
CLI-0838,50,Masculino,5,Premium,92.58,40,13,0,3.0,2.6,3.1,Oeste
CLI-0839,75,Feminino,50,Basico,32.01,43,113,0,1.7,1.3,2.3,Oeste
CLI-0840,41,Masculino,11,Familia,64.71,9,56,8,2.2,2.9,1.6,Norte
CLI-0841,63,Feminino,49,Familia,65.44,44,38,7,1.8,4.7,3.3,Oeste
CLI-0842,27,Masculino,18,Familia,57.6,8,72,7,1.3,1.1,1.1,Oeste
CLI-0843,74,Masculino,9,Familia,50.19,34,21,6,3.7,1.7,1.5,Sul
CLI-0844,68,Feminino,12,Premium,92.31,41,49,9,3.5,2.4,1.9,Norte
CLI-0845,57,Masculino,39,Basico,90.81,29,87,0,2.7,2.2,1.0,Sudeste
CLI-0846,80,Feminino,45,Familia,33.05,6,90,0,1.9,3.5,2.4,Oeste
CLI-0847,75,Masculino,38,Premium,87.96,36,40,3,3.0,4.5,1.4,Oeste
CLI-0848,75,Masculino,28,Basico,54.59,48,81,1,1.5,2.3,3.2,Leste
CLI-0849,48,Feminino,22,Premium,54.38,22,74,8,4.3,2.7,2.4,Leste
CLI-0850,48,Masculino,35,Basico,90.92,44,38,4,2.2,1.8,3.0,Oeste
CLI-0851,36,Feminino,35,Basico,24.81,9,8,10,4.9,2.4,3.2,Sul
CLI-0852,25,Feminino,4,Familia,91.02,29,94,2,3.9,3.6,4.4,Norte
CLI-0853,68,Masculino,57,Familia,28.89,35,119,4,3.8,4.6,1.6,Leste
CLI-0854,57,Feminino,33,Basico,72.33,23,10,6,3.3,1.4,1.3,Sudeste
CLI-0855,54,Feminino,26,Basico,43.7,22,93,0,1.4,1.2,1.4,Sul
CLI-0856,44,Feminino,57,Premium,66.75,27,92,10,3.8,1.2,2.4,Leste
CLI-0857,66,Masculino,53,Familia,51.47,20,111,9,3.9,2.9,1.4,Oeste
CLI-0858,65,Feminino,50,Basico,58.07,5,15,1,1.7,2.5,3.4,Sudeste
CLI-0859,34,Masculino,49,Basico,97.76,49,30,1,1.6,5.0,2.5,Sudeste
CLI-0860,21,Feminino,39,Premium,93.0,20,101,8,3.8,4.6,4.1,Oeste
CLI-0861,73,Masculino,35,Premium,40.48,47,36,9,3.2,2.1,2.2,Norte
CLI-0862,20,Masculino,3,Basico,49.36,3,50,1,3.9,4.3,3.2,Leste
CLI-0863,62,Feminino,26,Basico,22.69,42,97,10,4.5,4.4,4.7,Sudeste
CLI-0864,46,Feminino,15,Familia,35.36,13,21,1,2.5,4.0,2.4,Oeste
CLI-0865,28,Feminino,49,Premium,93.51,25,54,0,4.3,4.6,4.9,Sudeste
CLI-0866,59,Feminino,48,Familia,81.59,24,39,10,2.4,3.8,4.7,Leste
CLI-0867,28,Feminino,56,Familia,26.47,11,101,5,2.5,2.8,2.0,Sudeste
CLI-0868,65,Masculino,13,Premium,33.82,41,17,10,3.6,4.2,3.9,Sul
CLI-0869,37,Masculino,10,Familia,52.21,36,49,2,2.4,2.2,1.7,Norte
CLI-0870,69,Feminino,38,Familia,67.11,9,14,6,4.1,4.8,5.0,Oeste
CLI-0871,52,Masculino,26,Premium,39.95,20,98,10,1.6,1.1,3.0,Sudeste
CLI-0872,73,Feminino,51,Basico,54.32,45,44,9,2.7,3.2,3.3,Sudeste
CLI-0873,19,Feminino,15,Premium,65.08,17,86,8,4.8,3.4,2.0,Sul
CLI-0874,61,Masculino,32,Basico,59.7,39,119,3,2.1,1.7,1.9,Sul
CLI-0875,55,Masculino,50,Premium,43.88,29,50,0,4.3,2.3,4.3,Norte
CLI-0876,21,Masculino,33,Premium,89.54,42,69,6,4.5,1.5,4.3,Norte
CLI-0877,33,Feminino,44,Premium,60.27,47,118,6,2.1,3.2,2.5,Sul
CLI-0878,63,Masculino,55,Basico,39.25,14,54,0,3.3,3.5,2.2,Norte
CLI-0879,39,Masculino,16,Premium,97.7,22,53,4,3.6,2.8,4.4,Sul
CLI-0880,48,Masculino,4,Familia,54.9,15,51,5,3.0,2.8,3.0,Sul
CLI-0881,23,Feminino,7,Basico,37.15,15,11,1,1.6,3.5,1.5,Oeste
CLI-0882,22,Feminino,3,Premium,61.15,28,100,2,4.7,2.4,3.8,Oeste
CLI-0883,71,Masculino,25,Premium,94.34,16,57,1,4.9,3.6,2.2,Sul
CLI-0884,56,Masculino,4,Basico,22.48,6,77,0,4.6,3.2,2.7,Sul
CLI-0885,37,Masculino,47,Premium,51.51,7,63,9,2.0,1.4,1.1,Leste
CLI-0886,69,Masculino,26,Basico,20.8,1,83,2,4.4,4.2,4.6,Sudeste
CLI-0887,21,Feminino,21,Premium,45.34,50,50,3,1.7,2.4,3.9,Sul
CLI-0888,40,Masculino,45,Familia,47.64,6,39,4,1.3,4.9,2.8,Oeste
CLI-0889,64,Masculino,53,Familia,26.38,47,109,2,4.4,3.7,1.3,Sudeste
CLI-0890,32,Feminino,42,Familia,71.11,14,109,1,4.0,4.3,2.2,Sul
CLI-0891,39,Masculino,47,Premium,88.25,43,78,3,4.8,3.7,3.2,Oeste
CLI-0892,37,Feminino,36,Familia,51.43,17,59,6,4.6,1.9,2.1,Oeste
CLI-0893,74,Masculino,12,Basico,54.52,35,74,3,1.9,4.9,3.5,Norte
CLI-0894,77,Feminino,42,Basico,89.54,29,38,2,3.2,2.8,2.6,Oeste
CLI-0895,55,Feminino,4,Premium,60.95,43,5,1,4.4,3.4,1.1,Sul
CLI-0896,65,Masculino,50,Familia,24.4,46,71,1,4.8,1.4,2.8,Sul
CLI-0897,45,Feminino,11,Premium,31.18,5,66,9,1.8,2.7,1.3,Norte
CLI-0898,21,Feminino,9,Premium,66.22,12,87,2,3.2,4.8,1.1,Oeste
CLI-0899,63,Masculino,30,Premium,78.13,21,37,2,4.1,2.3,1.4,Sul
CLI-0900,31,Feminino,15,Basico,92.21,46,21,1,1.7,4.1,2.5,Sul
CLI-0901,58,Masculino,12,Basico,78.2,48,107,1,4.0,4.3,4.6,Norte
CLI-0902,62,Masculino,12,Basico,29.05,31,71,3,2.8,4.4,1.3,Sudeste
CLI-0903,75,Masculino,3,Familia,53.11,26,103,2,3.8,2.1,4.6,Leste
CLI-0904,37,Feminino,38,Familia,46.33,17,112,7,3.9,3.7,4.2,Sudeste
CLI-0905,33,Masculino,13,Premium,94.58,27,75,10,1.2,2.3,2.4,Sudeste
CLI-0906,54,Masculino,5,Basico,47.93,10,11,9,3.8,3.4,4.0,Norte
CLI-0907,40,Feminino,42,Premium,64.27,30,80,2,1.8,4.7,4.5,Norte
CLI-0908,73,Masculino,8,Familia,24.42,1,10,10,2.2,1.4,1.3,Sudeste
CLI-0909,55,Masculino,1,Basico,40.25,18,102,4,4.1,2.2,1.6,Sul
CLI-0910,27,Feminino,48,Familia,94.75,4,112,7,4.1,3.3,1.3,Sudeste
CLI-0911,34,Feminino,5,Premium,36.28,19,95,5,1.9,2.0,3.9,Oeste
CLI-0912,69,Masculino,4,Familia,30.57,25,60,7,3.6,1.4,4.6,Oeste
CLI-0913,71,Masculino,43,Familia,90.62,43,34,1,2.2,4.2,3.1,Leste
CLI-0914,73,Feminino,54,Basico,63.73,38,20,8,2.4,3.1,1.3,Oeste
CLI-0915,56,Feminino,17,Basico,59.18,25,90,2,3.8,2.4,3.5,Leste
CLI-0916,58,Feminino,30,Familia,23.98,37,25,10,5.0,3.8,4.4,Sudeste
CLI-0917,78,Feminino,32,Basico,25.7,28,37,3,3.6,1.9,2.5,Oeste
CLI-0918,77,Masculino,59,Familia,93.21,26,67,3,1.1,4.8,4.8,Leste
CLI-0919,45,Feminino,32,Basico,77.21,36,65,9,2.3,4.3,2.4,Sul
CLI-0920,67,Masculino,55,Familia,82.64,32,46,7,4.0,2.8,2.3,Sul
CLI-0921,29,Feminino,43,Premium,76.79,20,13,7,3.6,4.8,1.6,Oeste
CLI-0922,39,Masculino,21,Basico,41.15,44,43,10,4.0,4.5,1.7,Norte
CLI-0923,34,Feminino,44,Familia,71.05,4,85,8,1.2,2.3,2.7,Sul
CLI-0924,79,Feminino,24,Basico,24.62,27,81,3,1.1,2.4,2.7,Oeste
CLI-0925,64,Feminino,54,Familia,78.26,26,8,10,2.3,1.4,4.8,Sul
CLI-0926,60,Feminino,39,Familia,37.16,29,60,6,3.3,2.1,3.2,Oeste
CLI-0927,48,Masculino,22,Basico,22.07,47,28,0,1.6,1.5,4.9,Sudeste
CLI-0928,69,Feminino,17,Basico,49.42,23,11,1,1.8,2.1,4.4,Sul
CLI-0929,79,Feminino,14,Familia,21.02,48,6,6,4.2,3.9,1.9,Leste
CLI-0930,67,Feminino,22,Basico,82.65,24,117,5,2.8,1.6,1.4,Sul
CLI-0931,23,Masculino,25,Premium,74.1,33,61,6,1.1,2.3,2.3,Sul
CLI-0932,38,Masculino,27,Familia,79.55,14,63,6,1.2,2.3,3.6,Sudeste
CLI-0933,21,Feminino,19,Familia,82.75,15,38,10,1.1,4.7,4.0,Norte
CLI-0934,57,Feminino,47,Basico,62.69,27,18,10,3.6,1.9,4.7,Sul
CLI-0935,31,Masculino,24,Basico,88.16,5,42,4,3.9,3.1,3.5,Leste
CLI-0936,56,Feminino,49,Premium,92.3,21,65,7,3.5,4.4,2.3,Leste
CLI-0937,19,Feminino,15,Basico,51.89,23,41,9,2.8,3.8,1.2,Norte
CLI-0938,19,Feminino,21,Familia,32.61,50,46,10,4.4,1.9,3.1,Leste
CLI-0939,35,Feminino,20,Premium,43.61,6,61,7,4.2,3.5,3.3,Sul
CLI-0940,73,Masculino,56,Premium,52.99,14,99,2,2.1,2.3,1.8,Oeste
CLI-0941,68,Masculino,6,Premium,70.6,35,54,10,2.8,3.4,4.7,Sul
CLI-0942,18,Masculino,56,Familia,65.45,33,54,8,4.8,2.1,2.3,Leste
CLI-0943,35,Feminino,25,Premium,69.88,30,23,7,4.1,3.2,4.9,Leste
CLI-0944,26,Masculino,46,Familia,88.89,36,38,2,1.5,3.4,4.1,Leste
CLI-0945,19,Masculino,37,Familia,27.61,42,107,3,4.5,2.0,2.4,Norte
CLI-0946,51,Masculino,23,Familia,36.15,36,25,9,3.7,3.3,2.7,Leste
CLI-0947,35,Feminino,38,Basico,30.04,6,25,8,4.3,1.9,4.6,Sudeste
CLI-0948,62,Feminino,25,Familia,60.59,21,25,7,4.9,2.7,4.4,Leste
CLI-0949,77,Masculino,13,Premium,53.51,26,105,9,4.8,1.6,4.3,Leste
CLI-0950,53,Masculino,52,Familia,84.88,16,93,6,1.5,3.3,2.5,Oeste
CLI-0951,71,Feminino,45,Familia,54.54,38,34,9,3.8,4.7,1.2,Norte
CLI-0952,50,Masculino,49,Basico,39.01,6,52,10,2.2,1.9,1.2,Sul
CLI-0953,20,Masculino,15,Familia,27.33,2,44,6,4.9,4.6,3.2,Sul
CLI-0954,25,Masculino,60,Basico,23.28,5,98,2,4.1,3.0,3.8,Sudeste
CLI-0955,43,Masculino,46,Basico,29.56,35,85,4,2.1,2.9,2.4,Leste
CLI-0956,43,Masculino,45,Basico,76.95,40,98,4,4.0,2.3,2.2,Oeste
CLI-0957,75,Feminino,52,Familia,93.45,41,16,9,3.5,3.2,4.8,Norte
CLI-0958,47,Masculino,42,Premium,72.74,2,72,2,4.3,4.8,3.7,Leste
CLI-0959,44,Masculino,60,Premium,85.9,36,63,8,1.5,1.3,3.4,Norte
CLI-0960,31,Masculino,51,Premium,76.5,50,56,5,1.6,2.3,2.5,Norte
CLI-0961,45,Feminino,4,Basico,69.67,30,88,10,4.9,1.6,2.6,Sudeste
CLI-0962,30,Masculino,11,Premium,54.13,36,39,8,1.6,2.9,2.6,Leste
CLI-0963,20,Masculino,18,Premium,86.58,16,86,1,2.2,4.0,2.6,Oeste
CLI-0964,63,Masculino,11,Familia,82.43,43,102,0,4.5,2.3,1.7,Sul
CLI-0965,19,Feminino,19,Basico,29.9,50,45,2,1.2,3.4,2.2,Norte
CLI-0966,28,Masculino,18,Premium,32.37,45,28,3,1.8,4.8,3.4,Oeste
CLI-0967,62,Masculino,43,Basico,30.09,15,23,3,3.9,4.5,3.7,Leste
CLI-0968,42,Feminino,11,Basico,41.73,19,113,0,4.2,4.4,4.4,Sudeste
CLI-0969,72,Masculino,1,Familia,22.35,38,19,4,2.0,3.6,1.8,Oeste
CLI-0970,49,Masculino,11,Basico,83.3,15,115,6,2.6,4.3,3.2,Sul
CLI-0971,70,Masculino,25,Premium,43.05,22,12,1,4.0,2.7,3.4,Leste
CLI-0972,18,Feminino,15,Premium,64.67,22,51,5,2.6,4.5,1.6,Sudeste
CLI-0973,31,Feminino,8,Familia,87.11,27,37,1,3.3,4.4,3.1,Norte
CLI-0974,38,Masculino,57,Familia,39.43,30,56,8,4.0,4.0,1.2,Norte
CLI-0975,44,Masculino,49,Basico,93.97,9,103,7,2.0,2.5,4.0,Oeste
CLI-0976,55,Feminino,58,Basico,40.11,23,13,8,4.4,4.2,1.5,Oeste
CLI-0977,62,Feminino,31,Basico,80.09,42,74,5,3.9,2.1,2.7,Norte
CLI-0978,47,Masculino,14,Premium,43.65,34,66,10,1.8,3.0,4.4,Oeste
CLI-0979,54,Feminino,58,Familia,90.02,15,78,10,4.3,2.8,3.9,Oeste
CLI-0980,65,Feminino,53,Basico,48.21,19,39,2,2.4,1.2,2.6,Sul
CLI-0981,53,Masculino,33,Basico,66.03,37,55,1,2.9,2.1,3.5,Oeste
CLI-0982,30,Feminino,21,Premium,32.4,36,79,6,1.0,4.1,1.1,Sul
CLI-0983,64,Masculino,36,Basico,97.46,48,63,1,1.6,4.1,2.1,Leste
CLI-0984,71,Masculino,28,Familia,35.86,46,39,1,4.5,1.3,3.6,Sudeste
CLI-0985,57,Feminino,5,Familia,80.74,9,104,10,2.4,2.8,2.4,Norte
CLI-0986,69,Masculino,17,Basico,79.95,13,61,4,1.0,3.1,2.5,Norte
CLI-0987,60,Feminino,28,Familia,57.02,33,116,1,3.5,1.8,3.2,Norte
CLI-0988,39,Feminino,53,Basico,52.67,7,60,4,2.3,3.8,2.0,Sul
CLI-0989,59,Feminino,28,Premium,99.48,26,35,9,2.3,1.8,1.3,Sul
CLI-0990,21,Masculino,46,Premium,94.32,15,79,3,3.7,3.8,2.9,Norte
CLI-0991,47,Masculino,11,Familia,56.71,36,96,0,1.9,1.1,4.2,Norte
CLI-0992,46,Masculino,29,Basico,99.17,4,105,9,4.2,2.0,1.5,Sul
CLI-0993,39,Feminino,1,Familia,62.1,25,33,5,4.6,1.0,4.4,Oeste
CLI-0994,70,Masculino,16,Basico,41.86,33,14,10,2.1,2.6,4.5,Sudeste
CLI-0995,62,Feminino,20,Basico,69.28,43,83,3,1.3,1.1,4.1,Norte
CLI-0996,80,Feminino,32,Basico,78.6,41,103,10,3.8,4.2,2.6,Norte
CLI-0997,63,Masculino,42,Premium,21.42,11,62,5,4.7,2.3,1.2,Norte
CLI-0998,33,Feminino,14,Familia,40.88,26,99,2,1.9,2.1,1.5,Sul
CLI-0999,73,Feminino,24,Premium,91.92,39,101,10,3.6,3.5,1.6,Sul
