clienteId,idade,genero,regiao,valorMensal,tempoAssinaturaMeses,planoAssinatura,visualizacoesMes,contatosSuporte,avaliacaoPlataforma,tipoContrato,categoriaFavorita
TEST-31PC-0747,18,Feminino,Nordeste,82.67,23,basico,37,0,4.6,ANUAL,DOCUMENTARIOS
TEST-31PC-0713,20,Masculino,Sul,60.39,25,padrao,40,1,4.9,ANUAL,SERIES
TEST-31PC-0617,43,Feminino,Sudeste,61.66,39,padrao,24,1,4.3,ANUAL,FILMES
TEST-31PC-0841,53,Masculino,Sul,77.4,37,basico,63,1,4.6,ANUAL,DOCUMENTARIOS
TEST-31PC-0559,29,Masculino,Sudeste,83.19,40,padrao,89,0,4.8,ANUAL,FILMES
TEST-31PC-0863,52,Masculino,Sudeste,64.06,17,padrao,20,1,4.8,ANUAL,DOCUMENTARIOS
TEST-31PC-0998,57,Masculino,Sul,60.52,46,basico,38,0,4.2,MENSAL,FILMES
TEST-31PC-0321,31,Masculino,Centro-Oeste,88.04,16,basico,25,0,4.7,MENSAL,DOCUMENTARIOS
TEST-31PC-0475,44,Masculino,Nordeste,52.24,22,basico,74,1,4.7,MENSAL,SERIES
TEST-31PC-0539,57,Masculino,Sul,30.1,17,basico,38,0,4.3,MENSAL,SERIES
TEST-31PC-0353,40,Feminino,Sul,35.73,26,basico,27,1,5.0,ANUAL,FILMES
TEST-31PC-0208,45,Feminino,Sudeste,41.84,2,premium,0,12,1.6,MENSAL,FILMES
TEST-31PC-0180,43,Masculino,Sul,114.29,1,premium,4,18,2.0,MENSAL,DOCUMENTARIOS
TEST-31PC-0007,35,Masculino,Centro-Oeste,107.72,2,padrao,1,11,1.9,MENSAL,ESPORTES
TEST-31PC-0678,30,Masculino,Sul,30.85,54,basico,87,1,4.8,MENSAL,DOCUMENTARIOS
TEST-31PC-0163,29,Masculino,Nordeste,41.52,2,premium,3,14,1.2,MENSAL,ESPORTES
TEST-31PC-0252,18,Masculino,Sul,119.3,1,premium,2,6,1.4,MENSAL,FILMES
TEST-31PC-0725,52,Feminino,Sul,56.74,37,basico,49,0,4.8,MENSAL,DOCUMENTARIOS
TEST-31PC-0684,60,Masculino,Centro-Oeste,41.85,34,basico,94,0,4.8,MENSAL,FILMES
TEST-31PC-0673,52,Masculino,Centro-Oeste,35.3,13,basico,66,1,5.0,MENSAL,FILMES
TEST-31PC-0385,67,Feminino,Sudeste,86.48,41,padrao,88,1,4.1,ANUAL,ESPORTES
TEST-31PC-0581,37,Masculino,Centro-Oeste,50.71,32,padrao,84,0,4.3,MENSAL,FILMES
TEST-31PC-0223,31,Masculino,Nordeste,127.25,1,premium,4,15,1.0,MENSAL,SERIES
TEST-31PC-0896,18,Masculino,Sul,78.07,50,padrao,97,1,4.4,MENSAL,DOCUMENTARIOS
TEST-31PC-0820,64,Feminino,Nordeste,43.59,32,padrao,75,1,4.9,ANUAL,FILMES
TEST-31PC-0960,24,Masculino,Sul,59.54,53,basico,33,1,4.1,ANUAL,SERIES
TEST-31PC-0127,66,Masculino,Sudeste,138.84,2,premium,0,13,1.9,MENSAL,FILMES
TEST-31PC-0448,21,Masculino,Nordeste,50.7,47,padrao,88,1,5.0,ANUAL,FILMES
TEST-31PC-0924,19,Feminino,Centro-Oeste,69.17,21,padrao,72,0,4.3,ANUAL,FILMES
TEST-31PC-0066,55,Feminino,Norte,63.22,3,premium,4,17,1.6,MENSAL,ESPORTES
TEST-31PC-0506,57,Feminino,Norte,50.65,56,basico,100,1,4.8,MENSAL,SERIES
TEST-31PC-0247,19,Feminino,Sudeste,106.14,3,premium,5,17,1.1,MENSAL,FILMES
TEST-31PC-0977,29,Feminino,Sudeste,82.31,36,basico,23,1,4.6,ANUAL,SERIES
TEST-31PC-0991,35,Masculino,Sul,29.99,53,basico,96,0,4.0,MENSAL,ESPORTES
TEST-31PC-0723,30,Feminino,Sul,69.66,48,padrao,28,1,4.4,ANUAL,ESPORTES
TEST-31PC-0270,43,Masculino,Sudeste,122.57,3,premium,2,12,1.7,MENSAL,DOCUMENTARIOS
TEST-31PC-0464,44,Feminino,Sudeste,63.4,56,padrao,33,1,4.9,ANUAL,SERIES
TEST-31PC-0515,55,Feminino,Centro-Oeste,38.63,24,basico,26,0,4.5,MENSAL,ESPORTES
TEST-31PC-0741,31,Masculino,Sul,88.45,50,padrao,44,0,4.4,ANUAL,DOCUMENTARIOS
TEST-31PC-0793,27,Feminino,Nordeste,77.11,55,padrao,30,0,4.3,ANUAL,SERIES
TEST-31PC-0395,63,Feminino,Norte,54.56,47,padrao,87,0,4.6,ANUAL,FILMES
TEST-31PC-0825,67,Feminino,Nordeste,73.48,59,padrao,91,1,4.6,ANUAL,SERIES
TEST-31PC-0606,26,Feminino,Nordeste,53.15,53,padrao,23,1,4.9,MENSAL,DOCUMENTARIOS
TEST-31PC-0895,24,Feminino,Sudeste,33.41,43,padrao,45,1,4.9,MENSAL,FILMES
TEST-31PC-0502,44,Masculino,Sudeste,41.22,51,padrao,38,1,4.3,MENSAL,SERIES
TEST-31PC-0545,28,Feminino,Centro-Oeste,34.67,12,basico,82,1,4.3,ANUAL,SERIES
TEST-31PC-0064,21,Masculino,Norte,94.34,3,premium,1,13,1.1,MENSAL,SERIES
TEST-31PC-0101,53,Masculino,Sul,74.63,1,premium,0,14,1.4,MENSAL,DOCUMENTARIOS
TEST-31PC-0410,46,Feminino,Centro-Oeste,57.93,18,padrao,78,1,4.0,MENSAL,SERIES
TEST-31PC-0140,23,Feminino,Nordeste,58.54,3,premium,0,5,1.3,MENSAL,SERIES
TEST-31PC-0590,69,Feminino,Norte,42.18,14,padrao,33,0,4.2,MENSAL,DOCUMENTARIOS
TEST-31PC-0919,58,Feminino,Sudeste,81.11,46,basico,83,1,4.5,MENSAL,DOCUMENTARIOS
TEST-31PC-0366,67,Masculino,Nordeste,51.4,26,basico,86,0,4.2,MENSAL,ESPORTES
TEST-31PC-0669,53,Masculino,Sul,55.5,51,padrao,58,1,4.3,ANUAL,DOCUMENTARIOS
TEST-31PC-0058,31,Masculino,Sudeste,99.12,1,basico,3,7,1.3,MENSAL,FILMES
TEST-31PC-0477,70,Feminino,Centro-Oeste,56.17,28,padrao,53,0,4.5,ANUAL,SERIES
TEST-31PC-0599,59,Masculino,Nordeste,58.74,22,padrao,92,0,4.7,ANUAL,DOCUMENTARIOS
TEST-31PC-0444,61,Masculino,Norte,80.64,23,basico,60,1,4.6,ANUAL,DOCUMENTARIOS
TEST-31PC-0022,25,Masculino,Norte,111.7,1,premium,4,11,1.9,MENSAL,DOCUMENTARIOS
TEST-31PC-0965,59,Feminino,Sul,89.34,27,padrao,66,0,4.7,ANUAL,DOCUMENTARIOS
TEST-31PC-0174,26,Feminino,Norte,145.79,2,premium,5,5,2.2,MENSAL,FILMES
TEST-31PC-0593,70,Masculino,Sul,35.41,23,basico,28,0,4.4,MENSAL,FILMES
TEST-31PC-0271,65,Masculino,Nordeste,58.13,1,premium,5,8,2.3,MENSAL,ESPORTES
TEST-31PC-0954,30,Feminino,Nordeste,50.96,15,basico,63,1,4.1,ANUAL,SERIES
TEST-31PC-0923,58,Masculino,Sudeste,47.36,36,basico,77,0,4.7,MENSAL,SERIES
TEST-31PC-0763,55,Masculino,Norte,35.16,35,padrao,21,0,4.8,MENSAL,DOCUMENTARIOS
TEST-31PC-0443,24,Feminino,Norte,79.96,28,basico,58,1,4.1,ANUAL,SERIES
TEST-31PC-0201,61,Feminino,Sul,145.06,3,basico,4,14,1.9,MENSAL,FILMES
TEST-31PC-0805,53,Masculino,Norte,57.19,46,padrao,30,1,4.4,MENSAL,SERIES
TEST-31PC-0240,36,Masculino,Sudeste,139.69,3,premium,3,15,1.8,MENSAL,ESPORTES
TEST-31PC-0404,25,Feminino,Sudeste,67.29,46,basico,68,1,4.3,ANUAL,ESPORTES
TEST-31PC-0178,42,Feminino,Norte,99.24,3,padrao,3,9,1.3,MENSAL,DOCUMENTARIOS
TEST-31PC-0775,69,Masculino,Nordeste,56.42,38,basico,67,0,4.4,ANUAL,DOCUMENTARIOS
TEST-31PC-0543,59,Masculino,Sul,33.63,47,basico,53,1,5.0,ANUAL,DOCUMENTARIOS
TEST-31PC-0812,27,Feminino,Nordeste,81.6,49,basico,83,1,4.5,ANUAL,FILMES
TEST-31PC-0392,58,Masculino,Sudeste,43.92,53,padrao,51,1,4.6,MENSAL,ESPORTES
TEST-31PC-0471,43,Masculino,Sul,84.89,33,basico,99,0,4.9,MENSAL,ESPORTES
TEST-31PC-0776,40,Masculino,Sudeste,39.83,32,basico,82,1,4.1,ANUAL,SERIES
TEST-31PC-0466,47,Feminino,Sudeste,77.41,25,padrao,80,0,4.4,MENSAL,ESPORTES
TEST-31PC-0192,59,Masculino,Sudeste,42.33,3,premium,5,6,1.8,MENSAL,FILMES
TEST-31PC-0344,70,Masculino,Centro-Oeste,31.84,25,basico,58,1,4.3,ANUAL,DOCUMENTARIOS
TEST-31PC-0948,21,Feminino,Sudeste,57.26,14,basico,40,1,4.6,ANUAL,SERIES
TEST-31PC-0847,27,Feminino,Sudeste,80.9,50,padrao,24,1,4.3,MENSAL,DOCUMENTARIOS
TEST-31PC-0461,18,Masculino,Norte,66.14,18,basico,68,1,4.7,MENSAL,DOCUMENTARIOS
TEST-31PC-0239,57,Feminino,Nordeste,46.9,2,padrao,4,13,1.4,MENSAL,ESPORTES
TEST-31PC-0976,27,Feminino,Sul,42.87,42,basico,58,0,5.0,ANUAL,SERIES
TEST-31PC-0906,68,Feminino,Norte,63.01,41,padrao,87,0,4.7,ANUAL,ESPORTES
TEST-31PC-0147,58,Masculino,Nordeste,43.75,2,premium,4,5,1.8,MENSAL,FILMES
TEST-31PC-0885,64,Feminino,Norte,75.14,44,basico,71,0,4.7,MENSAL,DOCUMENTARIOS
TEST-31PC-0304,66,Masculino,Sudeste,98.12,2,basico,4,10,2.3,MENSAL,ESPORTES
TEST-31PC-0254,35,Masculino,Sul,61.41,3,padrao,1,16,1.4,MENSAL,ESPORTES
TEST-31PC-0118,63,Feminino,Sudeste,105.68,3,premium,1,17,1.3,MENSAL,DOCUMENTARIOS
TEST-31PC-0735,26,Masculino,Sul,50.24,43,basico,31,1,4.8,ANUAL,SERIES
TEST-31PC-0672,60,Feminino,Sul,61.92,60,basico,26,0,4.4,ANUAL,DOCUMENTARIOS
TEST-31PC-0198,60,Masculino,Nordeste,111.53,1,padrao,4,5,2.1,MENSAL,ESPORTES
TEST-31PC-0670,43,Feminino,Sudeste,44.63,44,padrao,64,0,4.7,MENSAL,FILMES
TEST-31PC-0338,65,Feminino,Sul,48.81,14,padrao,82,1,4.8,ANUAL,FILMES
TEST-31PC-0719,47,Feminino,Centro-Oeste,71.14,42,padrao,96,1,4.3,MENSAL,FILMES
TEST-31PC-0897,31,Masculino,Sudeste,43.82,40,basico,24,1,4.8,ANUAL,FILMES
TEST-31PC-0857,41,Feminino,Sudeste,45.0,49,basico,93,1,4.3,ANUAL,DOCUMENTARIOS
TEST-31PC-0057,43,Masculino,Nordeste,98.79,2,premium,1,6,1.5,MENSAL,ESPORTES
TEST-31PC-0132,29,Masculino,Centro-Oeste,65.09,1,premium,0,5,1.9,MENSAL,FILMES
TEST-31PC-0789,56,Feminino,Nordeste,64.68,56,basico,81,1,4.3,ANUAL,SERIES
TEST-31PC-0456,42,Feminino,Nordeste,31.11,27,padrao,34,1,4.8,MENSAL,DOCUMENTARIOS
TEST-31PC-0920,55,Feminino,Norte,45.42,43,basico,74,1,5.0,MENSAL,SERIES
TEST-31PC-0657,42,Feminino,Norte,78.69,57,padrao,91,0,4.0,MENSAL,SERIES
TEST-31PC-0701,24,Masculino,Nordeste,73.58,52,padrao,40,1,4.1,MENSAL,DOCUMENTARIOS
TEST-31PC-0755,44,Masculino,Sul,83.03,18,padrao,75,1,4.5,ANUAL,DOCUMENTARIOS
TEST-31PC-0117,35,Masculino,Sul,121.11,1,premium,4,5,2.0,MENSAL,DOCUMENTARIOS
TEST-31PC-0580,53,Feminino,Sul,66.16,12,basico,99,0,4.1,ANUAL,FILMES
TEST-31PC-0523,47,Feminino,Nordeste,41.41,60,basico,77,1,4.8,ANUAL,ESPORTES
TEST-31PC-0784,63,Masculino,Norte,40.81,12,basico,34,0,4.2,MENSAL,ESPORTES
TEST-31PC-0119,42,Feminino,Sudeste,34.94,3,premium,1,6,1.7,MENSAL,ESPORTES
TEST-31PC-0861,42,Feminino,Centro-Oeste,53.82,42,basico,54,0,4.7,ANUAL,DOCUMENTARIOS
TEST-31PC-0053,43,Masculino,Norte,85.96,1,premium,1,12,1.2,MENSAL,FILMES
TEST-31PC-0044,22,Feminino,Sul,73.32,1,premium,0,7,1.5,MENSAL,SERIES
TEST-31PC-0069,25,Feminino,Centro-Oeste,106.58,3,premium,3,16,1.6,MENSAL,SERIES
TEST-31PC-0327,24,Masculino,Norte,72.21,27,basico,100,0,4.4,MENSAL,DOCUMENTARIOS
TEST-31PC-0137,61,Feminino,Norte,116.92,1,premium,0,11,1.6,MENSAL,SERIES
TEST-31PC-0815,33,Feminino,Nordeste,70.33,37,basico,57,1,4.5,ANUAL,FILMES
TEST-31PC-0987,29,Feminino,Norte,69.49,36,basico,60,0,4.9,ANUAL,ESPORTES
TEST-31PC-0736,49,Feminino,Centro-Oeste,35.27,59,basico,70,0,4.8,ANUAL,SERIES
TEST-31PC-0035,41,Masculino,Norte,123.13,1,basico,4,20,1.2,MENSAL,SERIES
TEST-31PC-0681,56,Feminino,Nordeste,80.68,40,basico,47,1,4.2,ANUAL,FILMES
TEST-31PC-0221,22,Masculino,Sudeste,100.12,1,premium,5,17,1.1,MENSAL,ESPORTES
TEST-31PC-0957,27,Feminino,Sudeste,70.43,43,padrao,79,0,4.6,MENSAL,SERIES
TEST-31PC-0463,20,Masculino,Sul,66.36,47,basico,98,1,4.5,ANUAL,FILMES
TEST-31PC-0663,24,Masculino,Nordeste,85.61,37,basico,62,0,4.8,MENSAL,DOCUMENTARIOS
TEST-31PC-0864,45,Feminino,Sul,44.8,45,basico,29,0,4.2,MENSAL,FILMES
TEST-31PC-0822,44,Masculino,Sul,78.61,36,basico,70,1,4.6,MENSAL,ESPORTES
TEST-31PC-0315,32,Masculino,Nordeste,51.36,38,basico,81,1,4.5,MENSAL,ESPORTES
TEST-31PC-0391,48,Masculino,Sudeste,51.61,59,padrao,23,0,5.0,MENSAL,ESPORTES
TEST-31PC-0433,31,Masculino,Norte,69.69,41,padrao,21,0,4.3,MENSAL,ESPORTES
TEST-31PC-0156,30,Masculino,Sudeste,56.42,3,premium,5,7,1.9,MENSAL,FILMES
TEST-31PC-0516,39,Feminino,Sul,81.36,39,basico,49,1,4.9,ANUAL,ESPORTES
TEST-31PC-0838,18,Masculino,Centro-Oeste,57.31,19,basico,94,1,4.4,MENSAL,FILMES
TEST-31PC-0082,60,Masculino,Sudeste,33.43,2,premium,0,9,1.4,MENSAL,DOCUMENTARIOS
TEST-31PC-0182,33,Feminino,Nordeste,88.79,2,premium,3,12,1.8,MENSAL,DOCUMENTARIOS
TEST-31PC-0660,55,Feminino,Nordeste,64.46,59,basico,25,0,4.6,ANUAL,FILMES
TEST-31PC-0195,27,Feminino,Norte,129.72,1,premium,0,12,1.2,MENSAL,FILMES
TEST-31PC-0373,70,Feminino,Centro-Oeste,74.23,24,basico,62,0,4.2,MENSAL,SERIES
TEST-31PC-0413,64,Masculino,Nordeste,45.02,39,padrao,92,0,4.6,ANUAL,DOCUMENTARIOS
TEST-31PC-0511,36,Masculino,Nordeste,72.41,15,basico,69,0,4.5,MENSAL,SERIES
TEST-31PC-0189,20,Feminino,Sudeste,115.14,3,premium,1,6,2.0,MENSAL,SERIES
TEST-31PC-0766,58,Feminino,Sul,53.48,46,basico,65,0,4.4,MENSAL,FILMES
TEST-31PC-0055,50,Masculino,Nordeste,93.78,2,premium,4,6,1.8,MENSAL,FILMES
TEST-31PC-0043,60,Feminino,Norte,77.34,3,padrao,3,7,1.7,MENSAL,SERIES
TEST-31PC-0406,19,Feminino,Centro-Oeste,63.92,12,basico,97,1,4.6,ANUAL,ESPORTES
TEST-31PC-0931,25,Masculino,Sul,31.8,45,padrao,78,1,4.1,ANUAL,FILMES
TEST-31PC-0504,65,Masculino,Sul,49.16,21,basico,71,0,4.1,ANUAL,FILMES
TEST-31PC-0509,58,Feminino,Sul,80.19,33,padrao,24,0,4.5,ANUAL,FILMES
TEST-31PC-0734,65,Feminino,Centro-Oeste,45.97,12,basico,75,1,4.9,ANUAL,FILMES
TEST-31PC-0155,32,Feminino,Norte,37.57,1,premium,5,10,1.0,MENSAL,FILMES
TEST-31PC-0936,21,Feminino,Sudeste,46.16,34,basico,87,1,5.0,ANUAL,SERIES
TEST-31PC-0796,22,Masculino,Norte,40.38,49,padrao,29,0,4.8,ANUAL,FILMES
TEST-31PC-0623,32,Masculino,Centro-Oeste,38.79,60,padrao,53,0,4.3,ANUAL,FILMES
TEST-31PC-0783,41,Masculino,Sul,56.97,25,padrao,85,1,4.8,ANUAL,ESPORTES
TEST-31PC-0900,70,Masculino,Nordeste,30.18,59,basico,31,1,4.0,ANUAL,DOCUMENTARIOS
TEST-31PC-0116,63,Feminino,Sudeste,57.6,1,premium,4,12,1.1,MENSAL,FILMES
TEST-31PC-0873,63,Feminino,Norte,46.76,44,basico,24,0,4.0,ANUAL,DOCUMENTARIOS
TEST-31PC-0222,68,Feminino,Sudeste,147.28,3,premium,5,17,1.9,MENSAL,SERIES
TEST-31PC-0807,29,Masculino,Norte,86.61,37,padrao,46,0,4.8,ANUAL,FILMES
TEST-31PC-0765,51,Masculino,Sul,63.33,38,padrao,95,1,4.2,ANUAL,FILMES
TEST-31PC-0566,26,Feminino,Centro-Oeste,67.68,39,padrao,57,1,4.9,MENSAL,ESPORTES
TEST-31PC-0268,45,Masculino,Centro-Oeste,113.41,1,premium,1,14,2.3,MENSAL,DOCUMENTARIOS
TEST-31PC-0494,34,Masculino,Sul,74.43,34,basico,80,1,4.0,ANUAL,SERIES
TEST-31PC-0905,32,Feminino,Sul,63.6,52,basico,47,1,4.7,MENSAL,DOCUMENTARIOS
TEST-31PC-0124,53,Masculino,Centro-Oeste,116.6,2,premium,4,12,1.4,MENSAL,SERIES
TEST-31PC-0379,65,Masculino,Centro-Oeste,66.15,36,padrao,30,1,4.2,MENSAL,ESPORTES
TEST-31PC-0111,31,Feminino,Sudeste,108.1,2,padrao,3,9,2.1,MENSAL,ESPORTES
TEST-31PC-0350,37,Feminino,Centro-Oeste,87.46,21,basico,37,1,4.9,ANUAL,DOCUMENTARIOS
TEST-31PC-0943,39,Feminino,Norte,34.81,36,padrao,74,0,4.5,MENSAL,SERIES
TEST-31PC-0251,61,Masculino,Norte,95.49,1,premium,1,14,2.1,MENSAL,ESPORTES
TEST-31PC-0067,62,Masculino,Sul,112.75,1,padrao,4,16,1.8,MENSAL,FILMES
TEST-31PC-0902,47,Masculino,Nordeste,35.55,39,basico,31,0,4.6,ANUAL,SERIES
TEST-31PC-0396,64,Feminino,Nordeste,66.21,41,basico,63,0,4.5,MENSAL,FILMES
TEST-31PC-0935,19,Feminino,Nordeste,44.11,33,basico,70,1,4.7,MENSAL,FILMES
TEST-31PC-0004,40,Feminino,Norte,79.09,1,premium,2,19,1.4,MENSAL,DOCUMENTARIOS
TEST-31PC-0420,31,Masculino,Norte,59.36,35,basico,35,0,4.2,ANUAL,DOCUMENTARIOS
TEST-31PC-0508,54,Masculino,Sul,42.62,16,basico,67,1,4.5,MENSAL,DOCUMENTARIOS
TEST-31PC-0465,64,Masculino,Sudeste,83.75,35,basico,68,0,5.0,ANUAL,ESPORTES
TEST-31PC-0079,47,Feminino,Nordeste,116.77,1,padrao,4,7,1.9,MENSAL,FILMES
TEST-31PC-0868,35,Masculino,Norte,81.94,57,padrao,63,0,4.9,ANUAL,SERIES
TEST-31PC-0288,61,Masculino,Sudeste,95.33,1,premium,3,16,2.4,MENSAL,DOCUMENTARIOS
TEST-31PC-0984,53,Masculino,Centro-Oeste,81.41,56,basico,89,1,4.7,MENSAL,ESPORTES
TEST-31PC-0751,58,Feminino,Centro-Oeste,66.87,20,padrao,31,1,4.2,ANUAL,ESPORTES
TEST-31PC-0179,48,Masculino,Norte,66.86,2,basico,4,13,2.3,MENSAL,ESPORTES
TEST-31PC-0661,20,Feminino,Sul,32.16,39,basico,92,1,4.6,MENSAL,SERIES
TEST-31PC-0486,68,Feminino,Norte,67.84,13,padrao,59,0,4.5,MENSAL,ESPORTES
TEST-31PC-0558,23,Feminino,Norte,76.27,51,basico,22,0,4.1,ANUAL,DOCUMENTARIOS
TEST-31PC-0974,43,Masculino,Nordeste,47.55,43,basico,50,0,4.4,ANUAL,FILMES
TEST-31PC-0592,24,Masculino,Sul,42.57,58,padrao,39,0,4.3,MENSAL,ESPORTES
TEST-31PC-0241,40,Masculino,Sudeste,75.65,3,premium,2,16,1.4,MENSAL,SERIES
TEST-31PC-0811,65,Masculino,Centro-Oeste,60.79,59,padrao,41,0,4.4,MENSAL,FILMES
TEST-31PC-0447,24,Masculino,Norte,37.88,25,basico,23,0,5.0,ANUAL,FILMES
TEST-31PC-0018,55,Masculino,Sul,70.48,1,premium,2,14,1.7,MENSAL,FILMES
TEST-31PC-0205,25,Feminino,Nordeste,85.41,2,premium,1,5,1.7,MENSAL,DOCUMENTARIOS
TEST-31PC-0636,69,Feminino,Nordeste,55.84,55,basico,84,1,4.7,ANUAL,DOCUMENTARIOS
TEST-31PC-0634,35,Masculino,Centro-Oeste,39.58,24,basico,27,0,4.4,MENSAL,DOCUMENTARIOS
TEST-31PC-0026,45,Feminino,Sudeste,88.72,1,premium,5,13,2.4,MENSAL,ESPORTES
TEST-31PC-0882,54,Masculino,Centro-Oeste,68.72,56,basico,98,0,4.8,MENSAL,DOCUMENTARIOS
TEST-31PC-0032,23,Masculino,Norte,69.38,3,premium,4,7,2.5,MENSAL,ESPORTES
TEST-31PC-0561,22,Feminino,Sul,38.42,54,basico,50,1,4.5,ANUAL,DOCUMENTARIOS
TEST-31PC-0818,18,Masculino,Nordeste,49.96,40,padrao,36,1,4.9,ANUAL,ESPORTES
TEST-31PC-0710,25,Masculino,Sul,43.85,50,padrao,84,1,4.3,MENSAL,DOCUMENTARIOS
TEST-31PC-0290,33,Feminino,Norte,140.92,2,premium,5,7,1.8,MENSAL,FILMES
TEST-31PC-0646,45,Masculino,Sudeste,36.37,14,basico,48,1,4.8,MENSAL,ESPORTES
TEST-31PC-0242,68,Masculino,Sul,58.89,1,premium,2,6,1.2,MENSAL,ESPORTES
TEST-31PC-0295,34,Feminino,Sudeste,138.0,1,padrao,0,19,1.8,MENSAL,FILMES
TEST-31PC-0548,66,Masculino,Centro-Oeste,74.27,53,basico,45,0,4.3,ANUAL,SERIES
TEST-31PC-0608,54,Feminino,Sudeste,60.07,21,padrao,45,1,4.4,MENSAL,ESPORTES
TEST-31PC-0225,34,Feminino,Sudeste,149.93,2,padrao,4,15,1.3,MENSAL,FILMES
TEST-31PC-0005,31,Feminino,Centro-Oeste,74.43,1,premium,1,11,2.2,MENSAL,DOCUMENTARIOS
TEST-31PC-0586,69,Feminino,Norte,88.52,45,basico,21,1,4.9,ANUAL,ESPORTES
TEST-31PC-0995,64,Feminino,Nordeste,89.22,27,padrao,22,1,4.8,ANUAL,ESPORTES
TEST-31PC-0992,33,Masculino,Sudeste,86.97,12,basico,73,1,4.7,MENSAL,ESPORTES
TEST-31PC-0549,20,Masculino,Nordeste,89.44,42,basico,78,1,4.8,ANUAL,SERIES
TEST-31PC-0002,39,Feminino,Centro-Oeste,57.56,3,premium,4,19,1.2,MENSAL,SERIES
TEST-31PC-0768,26,Masculino,Nordeste,61.39,14,basico,25,0,4.3,MENSAL,SERIES
TEST-31PC-0386,56,Masculino,Norte,39.45,29,padrao,48,0,4.8,ANUAL,FILMES
TEST-31PC-0283,50,Masculino,Norte,135.04,3,premium,5,18,1.7,MENSAL,DOCUMENTARIOS
TEST-31PC-0688,60,Feminino,Sudeste,83.43,44,basico,78,1,4.8,ANUAL,ESPORTES
TEST-31PC-0469,48,Masculino,Nordeste,83.39,35,padrao,53,1,4.0,ANUAL,ESPORTES
TEST-31PC-0169,70,Masculino,Nordeste,54.08,3,premium,5,12,1.4,MENSAL,FILMES
TEST-31PC-0382,20,Masculino,Norte,54.03,58,basico,27,1,4.5,ANUAL,FILMES
TEST-31PC-0197,46,Feminino,Norte,138.76,3,premium,4,20,1.8,MENSAL,ESPORTES
TEST-31PC-0774,50,Masculino,Nordeste,82.18,25,padrao,64,0,4.3,ANUAL,FILMES
TEST-31PC-0135,33,Masculino,Centro-Oeste,109.52,3,premium,0,19,1.5,MENSAL,FILMES
TEST-31PC-0632,58,Feminino,Centro-Oeste,40.66,13,padrao,99,1,4.9,MENSAL,DOCUMENTARIOS
TEST-31PC-0080,36,Masculino,Centro-Oeste,92.53,1,premium,2,15,1.1,MENSAL,SERIES
TEST-31PC-0685,34,Masculino,Sudeste,58.25,40,basico,61,0,4.8,MENSAL,SERIES
TEST-31PC-0597,58,Feminino,Nordeste,67.45,57,padrao,61,1,4.5,ANUAL,ESPORTES
TEST-31PC-0086,26,Feminino,Sudeste,72.47,2,premium,5,10,2.1,MENSAL,SERIES
TEST-31PC-0966,40,Masculino,Nordeste,59.55,24,padrao,78,0,4.7,MENSAL,SERIES
TEST-31PC-0937,45,Feminino,Sudeste,32.15,16,padrao,40,1,4.7,ANUAL,ESPORTES
TEST-31PC-0526,54,Masculino,Centro-Oeste,56.51,41,basico,20,1,4.5,MENSAL,DOCUMENTARIOS
TEST-31PC-0364,42,Feminino,Sul,36.87,25,padrao,38,0,4.9,ANUAL,DOCUMENTARIOS
TEST-31PC-0743,54,Feminino,Centro-Oeste,49.32,23,basico,21,1,4.7,ANUAL,SERIES
TEST-31PC-0738,26,Masculino,Sul,86.62,51,basico,29,0,4.5,MENSAL,DOCUMENTARIOS
TEST-31PC-0095,39,Masculino,Sul,115.49,2,premium,0,8,1.3,MENSAL,DOCUMENTARIOS
TEST-31PC-0389,55,Masculino,Norte,38.62,29,padrao,64,0,4.5,ANUAL,ESPORTES
TEST-31PC-0844,20,Masculino,Nordeste,89.43,57,padrao,97,0,4.0,MENSAL,SERIES
TEST-31PC-0583,59,Feminino,Centro-Oeste,57.12,32,padrao,82,1,4.9,MENSAL,DOCUMENTARIOS
TEST-31PC-0260,70,Masculino,Sul,143.09,1,premium,3,7,1.0,MENSAL,SERIES
TEST-31PC-0529,40,Feminino,Norte,62.96,58,basico,39,1,4.1,MENSAL,ESPORTES
TEST-31PC-0104,25,Feminino,Sudeste,70.39,3,premium,1,15,2.0,MENSAL,ESPORTES
TEST-31PC-0246,69,Feminino,Sul,112.46,2,premium,3,13,1.7,MENSAL,DOCUMENTARIOS
TEST-31PC-0514,48,Masculino,Nordeste,39.68,44,basico,70,1,4.3,ANUAL,FILMES
TEST-31PC-0307,65,Masculino,Norte,45.3,1,padrao,5,18,1.4,MENSAL,FILMES
TEST-31PC-0488,31,Feminino,Sul,84.94,59,basico,53,0,4.6,ANUAL,FILMES
TEST-31PC-0762,65,Feminino,Centro-Oeste,54.55,39,padrao,77,0,4.6,ANUAL,ESPORTES
TEST-31PC-0542,50,Masculino,Nordeste,52.92,43,padrao,50,0,5.0,MENSAL,SERIES
TEST-31PC-0417,38,Feminino,Nordeste,57.27,43,padrao,47,0,4.2,ANUAL,ESPORTES
TEST-31PC-0908,55,Masculino,Sul,61.67,18,basico,57,0,4.9,MENSAL,FILMES
TEST-31PC-0176,58,Masculino,Centro-Oeste,47.79,3,premium,5,16,2.1,MENSAL,DOCUMENTARIOS
TEST-31PC-0795,70,Feminino,Norte,70.24,27,basico,53,1,4.8,ANUAL,SERIES
TEST-31PC-0474,18,Masculino,Sudeste,61.12,26,basico,31,1,5.0,ANUAL,FILMES
TEST-31PC-0262,53,Masculino,Nordeste,102.26,1,premium,2,5,1.4,MENSAL,ESPORTES
TEST-31PC-0659,30,Feminino,Nordeste,64.87,42,padrao,78,1,4.5,MENSAL,DOCUMENTARIOS
TEST-31PC-0136,34,Feminino,Centro-Oeste,68.38,1,premium,4,19,1.4,MENSAL,DOCUMENTARIOS
TEST-31PC-0788,62,Masculino,Nordeste,55.37,35,padrao,80,0,4.3,MENSAL,ESPORTES
TEST-31PC-0092,63,Masculino,Centro-Oeste,53.29,2,premium,0,7,2.4,MENSAL,FILMES
TEST-31PC-0430,59,Masculino,Sul,85.72,49,padrao,76,0,4.7,ANUAL,ESPORTES
TEST-31PC-0263,69,Masculino,Sul,63.62,2,premium,2,8,1.0,MENSAL,ESPORTES
TEST-31PC-0497,48,Masculino,Sudeste,45.78,33,basico,23,1,4.6,ANUAL,DOCUMENTARIOS
TEST-31PC-0856,61,Feminino,Centro-Oeste,68.33,57,basico,64,1,4.4,ANUAL,DOCUMENTARIOS
TEST-31PC-0153,28,Feminino,Sudeste,49.28,2,premium,1,10,1.9,MENSAL,SERIES
TEST-31PC-0143,22,Feminino,Norte,34.78,1,premium,1,10,1.0,MENSAL,DOCUMENTARIOS
TEST-31PC-0712,26,Masculino,Centro-Oeste,56.21,25,padrao,79,0,4.4,MENSAL,DOCUMENTARIOS
TEST-31PC-0440,62,Masculino,Nordeste,55.18,25,padrao,44,1,4.4,MENSAL,DOCUMENTARIOS
TEST-31PC-0602,39,Masculino,Norte,36.23,55,basico,73,1,4.8,ANUAL,ESPORTES
TEST-31PC-0524,68,Feminino,Nordeste,43.06,28,padrao,49,1,4.2,ANUAL,FILMES
TEST-31PC-0381,30,Feminino,Norte,35.54,19,padrao,77,0,4.9,ANUAL,DOCUMENTARIOS
TEST-31PC-0501,59,Masculino,Sudeste,75.84,31,basico,78,1,4.3,MENSAL,ESPORTES
TEST-31PC-0361,32,Masculino,Norte,32.19,25,basico,20,1,4.6,ANUAL,SERIES
TEST-31PC-0013,24,Masculino,Norte,92.5,1,padrao,4,5,2.2,MENSAL,SERIES
TEST-31PC-0303,65,Feminino,Sul,32.33,2,premium,2,11,2.0,MENSAL,DOCUMENTARIOS
TEST-31PC-0161,35,Masculino,Sudeste,88.33,3,padrao,5,14,1.9,MENSAL,DOCUMENTARIOS
TEST-31PC-0832,44,Feminino,Norte,72.75,13,padrao,96,0,4.5,ANUAL,DOCUMENTARIOS
TEST-31PC-0840,37,Feminino,Sul,62.38,57,padrao,55,1,4.1,MENSAL,FILMES
TEST-31PC-0162,20,Feminino,Sul,99.04,1,premium,4,17,2.4,MENSAL,DOCUMENTARIOS
TEST-31PC-0849,51,Feminino,Nordeste,30.11,31,basico,85,1,4.3,MENSAL,DOCUMENTARIOS
TEST-31PC-0237,29,Feminino,Sul,59.46,2,premium,1,20,1.9,MENSAL,FILMES
TEST-31PC-0449,58,Feminino,Sul,80.93,25,padrao,59,1,4.9,ANUAL,SERIES
TEST-31PC-0971,28,Masculino,Sudeste,59.47,19,basico,46,0,4.1,ANUAL,SERIES
TEST-31PC-0519,61,Feminino,Centro-Oeste,67.3,32,basico,31,0,4.9,MENSAL,ESPORTES
TEST-31PC-0749,28,Masculino,Norte,76.09,45,padrao,100,0,4.6,ANUAL,ESPORTES
TEST-31PC-0206,19,Masculino,Centro-Oeste,33.49,2,premium,2,10,2.5,MENSAL,DOCUMENTARIOS
TEST-31PC-0601,19,Feminino,Nordeste,50.96,37,basico,29,1,4.9,MENSAL,DOCUMENTARIOS
TEST-31PC-0780,70,Masculino,Centro-Oeste,63.01,38,padrao,60,1,4.4,MENSAL,ESPORTES
TEST-31PC-0729,27,Feminino,Sudeste,58.31,51,padrao,91,0,4.0,ANUAL,ESPORTES
TEST-31PC-0051,56,Feminino,Sul,106.82,1,premium,3,10,1.6,MENSAL,ESPORTES
TEST-31PC-0578,66,Masculino,Sudeste,42.42,38,padrao,50,1,4.4,MENSAL,SERIES
TEST-31PC-0347,56,Feminino,Sudeste,65.24,37,padrao,36,1,4.1,ANUAL,SERIES
TEST-31PC-0969,62,Masculino,Nordeste,64.58,25,basico,99,1,4.8,MENSAL,FILMES
TEST-31PC-0503,38,Masculino,Norte,65.54,20,basico,79,0,4.9,ANUAL,FILMES
TEST-31PC-0530,33,Masculino,Centro-Oeste,47.98,36,padrao,77,0,4.7,MENSAL,SERIES
TEST-31PC-0853,54,Masculino,Nordeste,85.35,49,basico,37,0,4.4,ANUAL,SERIES
TEST-31PC-0316,26,Feminino,Norte,41.36,13,basico,94,1,4.1,MENSAL,ESPORTES
TEST-31PC-0435,39,Feminino,Sul,40.51,17,basico,90,0,4.4,ANUAL,ESPORTES
TEST-31PC-0168,25,Masculino,Sul,138.38,2,premium,5,14,1.4,MENSAL,ESPORTES
TEST-31PC-0473,38,Feminino,Sudeste,41.39,34,padrao,79,1,4.3,ANUAL,FILMES
TEST-31PC-0938,43,Masculino,Sul,64.9,38,basico,79,0,4.1,ANUAL,FILMES
TEST-31PC-0046,45,Masculino,Sudeste,33.54,2,premium,4,5,2.0,MENSAL,DOCUMENTARIOS
TEST-31PC-0915,33,Masculino,Centro-Oeste,84.01,60,padrao,45,1,5.0,ANUAL,SERIES
TEST-31PC-0048,22,Masculino,Sul,131.76,3,premium,5,10,2.3,MENSAL,ESPORTES
TEST-31PC-0742,62,Feminino,Sudeste,74.86,27,padrao,28,0,4.1,MENSAL,SERIES
TEST-31PC-0823,67,Feminino,Sul,73.48,49,basico,45,1,4.5,ANUAL,ESPORTES
TEST-31PC-0133,21,Feminino,Centro-Oeste,134.27,2,premium,3,19,2.4,MENSAL,ESPORTES
TEST-31PC-0653,61,Masculino,Sul,75.76,24,basico,31,0,4.4,MENSAL,DOCUMENTARIOS
TEST-31PC-0852,38,Masculino,Norte,75.58,21,basico,36,1,4.2,ANUAL,FILMES
TEST-31PC-0720,28,Feminino,Norte,60.84,13,basico,35,0,4.9,ANUAL,SERIES
TEST-31PC-0633,66,Feminino,Sul,31.77,22,basico,42,1,4.3,MENSAL,DOCUMENTARIOS
TEST-31PC-0914,53,Feminino,Centro-Oeste,43.09,59,padrao,85,0,4.9,ANUAL,SERIES
TEST-31PC-0968,28,Feminino,Centro-Oeste,47.57,42,basico,69,0,4.5,ANUAL,ESPORTES
TEST-31PC-0848,30,Feminino,Sudeste,85.55,15,padrao,33,0,5.0,ANUAL,DOCUMENTARIOS
TEST-31PC-0891,52,Masculino,Sudeste,59.13,13,basico,76,1,4.8,MENSAL,SERIES
TEST-31PC-0826,53,Feminino,Sudeste,31.22,51,basico,91,1,4.3,ANUAL,FILMES
TEST-31PC-0490,37,Masculino,Sul,88.22,13,basico,58,0,4.3,MENSAL,ESPORTES
TEST-31PC-0676,23,Feminino,Sudeste,60.58,59,padrao,67,0,4.3,ANUAL,SERIES
TEST-31PC-0297,32,Masculino,Norte,133.9,3,padrao,1,8,1.1,MENSAL,DOCUMENTARIOS
TEST-31PC-0850,57,Feminino,Norte,79.36,19,basico,30,1,4.5,ANUAL,SERIES
TEST-31PC-0434,56,Masculino,Centro-Oeste,48.84,41,padrao,84,1,5.0,ANUAL,FILMES
TEST-31PC-0970,67,Feminino,Centro-Oeste,70.45,35,padrao,90,1,4.6,ANUAL,SERIES
TEST-31PC-0349,69,Feminino,Centro-Oeste,39.76,30,padrao,99,1,4.2,MENSAL,SERIES
TEST-31PC-0128,55,Feminino,Sudeste,77.88,1,premium,3,17,2.2,MENSAL,ESPORTES
TEST-31PC-0219,31,Feminino,Sudeste,66.47,2,premium,1,12,1.3,MENSAL,ESPORTES
TEST-31PC-0565,23,Masculino,Sudeste,70.14,18,basico,29,0,4.5,MENSAL,SERIES
TEST-31PC-0352,41,Masculino,Sudeste,72.42,41,basico,92,0,4.7,MENSAL,ESPORTES
TEST-31PC-0733,51,Masculino,Nordeste,58.72,49,padrao,23,0,4.2,ANUAL,ESPORTES
TEST-31PC-0808,32,Masculino,Centro-Oeste,73.2,53,basico,43,0,4.0,MENSAL,FILMES
TEST-31PC-0454,58,Masculino,Nordeste,62.38,44,padrao,35,0,4.6,MENSAL,DOCUMENTARIOS
TEST-31PC-0083,28,Masculino,Norte,75.0,1,premium,2,19,2.1,MENSAL,ESPORTES
TEST-31PC-0354,45,Feminino,Sudeste,76.42,33,padrao,75,0,4.2,MENSAL,DOCUMENTARIOS
TEST-31PC-0880,68,Masculino,Nordeste,63.92,22,padrao,87,0,4.7,MENSAL,SERIES
TEST-31PC-0167,20,Feminino,Sudeste,42.01,3,premium,0,16,1.4,MENSAL,SERIES
TEST-31PC-0651,64,Feminino,Sudeste,78.14,47,basico,34,1,4.9,MENSAL,ESPORTES
TEST-31PC-0668,60,Feminino,Centro-Oeste,36.38,30,padrao,58,1,4.8,MENSAL,SERIES
TEST-31PC-0911,54,Feminino,Centro-Oeste,72.38,59,basico,63,0,4.8,MENSAL,DOCUMENTARIOS
TEST-31PC-0614,70,Masculino,Nordeste,49.57,38,padrao,27,0,4.8,MENSAL,SERIES
TEST-31PC-0571,24,Feminino,Sul,69.12,32,padrao,76,1,4.9,ANUAL,ESPORTES
TEST-31PC-0292,21,Masculino,Sul,120.61,1,premium,0,17,2.4,MENSAL,DOCUMENTARIOS
TEST-31PC-0052,60,Feminino,Sudeste,120.83,2,premium,4,9,1.5,MENSAL,FILMES
TEST-31PC-0498,52,Masculino,Sul,61.32,31,basico,72,0,4.0,ANUAL,FILMES
TEST-31PC-0607,31,Feminino,Centro-Oeste,69.48,53,basico,38,1,4.0,ANUAL,FILMES
TEST-31PC-0274,36,Masculino,Sul,137.61,3,premium,3,19,2.0,MENSAL,ESPORTES
TEST-31PC-0484,31,Feminino,Sudeste,73.41,46,padrao,70,1,4.6,MENSAL,FILMES
TEST-31PC-0834,56,Feminino,Sudeste,42.57,33,basico,57,0,4.9,MENSAL,ESPORTES
TEST-31PC-0978,42,Masculino,Nordeste,71.86,12,padrao,53,0,4.8,ANUAL,ESPORTES
TEST-31PC-0332,21,Feminino,Sudeste,31.61,23,padrao,68,0,4.1,ANUAL,ESPORTES
TEST-31PC-0042,46,Feminino,Norte,133.96,2,premium,0,18,1.1,MENSAL,FILMES
TEST-31PC-0390,53,Feminino,Norte,30.13,17,padrao,49,0,4.3,MENSAL,SERIES
TEST-31PC-0631,38,Feminino,Centro-Oeste,80.3,27,basico,54,0,4.1,MENSAL,ESPORTES
TEST-31PC-0770,23,Feminino,Sudeste,35.18,24,basico,66,1,4.5,ANUAL,DOCUMENTARIOS
TEST-31PC-0011,45,Feminino,Nordeste,149.57,2,premium,1,13,1.9,MENSAL,DOCUMENTARIOS
TEST-31PC-0533,32,Masculino,Norte,52.11,12,basico,98,0,4.3,MENSAL,FILMES
TEST-31PC-0123,64,Feminino,Centro-Oeste,67.81,2,premium,0,16,1.1,MENSAL,DOCUMENTARIOS
TEST-31PC-0401,36,Feminino,Norte,56.91,30,padrao,34,1,4.0,ANUAL,ESPORTES
TEST-31PC-0940,34,Feminino,Norte,67.16,33,padrao,23,0,4.6,ANUAL,ESPORTES
TEST-31PC-0030,54,Masculino,Sul,101.6,1,premium,3,8,1.8,MENSAL,DOCUMENTARIOS
TEST-31PC-0628,25,Feminino,Sul,65.18,34,padrao,73,1,4.7,ANUAL,FILMES
TEST-31PC-0551,37,Feminino,Nordeste,53.59,29,basico,40,1,4.4,ANUAL,DOCUMENTARIOS
TEST-31PC-0695,25,Feminino,Centro-Oeste,59.82,53,basico,51,0,5.0,ANUAL,DOCUMENTARIOS
TEST-31PC-0356,59,Feminino,Sudeste,72.84,34,basico,78,1,4.4,ANUAL,ESPORTES
TEST-31PC-0203,48,Masculino,Sudeste,99.41,1,premium,2,5,1.1,MENSAL,DOCUMENTARIOS
TEST-31PC-0644,66,Feminino,Norte,80.19,14,basico,20,0,4.1,MENSAL,FILMES
TEST-31PC-0040,62,Masculino,Centro-Oeste,128.12,2,premium,0,8,2.0,MENSAL,DOCUMENTARIOS
TEST-31PC-0146,65,Feminino,Sudeste,131.85,2,premium,1,9,1.5,MENSAL,DOCUMENTARIOS
TEST-31PC-0522,55,Masculino,Sul,62.5,59,basico,43,0,4.5,ANUAL,FILMES
TEST-31PC-0281,19,Masculino,Norte,95.6,2,premium,1,5,1.5,MENSAL,FILMES
TEST-31PC-0746,55,Masculino,Sul,45.53,23,basico,91,1,4.6,ANUAL,FILMES
TEST-31PC-0941,62,Feminino,Sul,76.68,47,basico,73,0,4.7,MENSAL,DOCUMENTARIOS
TEST-31PC-0377,35,Masculino,Sudeste,72.58,18,padrao,87,1,4.6,MENSAL,SERIES
TEST-31PC-0313,65,Feminino,Sudeste,77.73,26,padrao,20,1,4.3,ANUAL,ESPORTES
TEST-31PC-0322,34,Feminino,Norte,66.17,51,basico,41,1,4.2,ANUAL,SERIES
TEST-31PC-0126,33,Feminino,Centro-Oeste,62.21,2,basico,1,15,1.7,MENSAL,SERIES
TEST-31PC-0665,70,Masculino,Sudeste,63.38,42,basico,42,0,4.8,MENSAL,SERIES
TEST-31PC-0427,58,Feminino,Nordeste,87.36,38,padrao,81,1,4.0,ANUAL,SERIES
TEST-31PC-0470,69,Masculino,Sudeste,83.55,36,basico,70,0,4.1,MENSAL,SERIES
TEST-31PC-0587,48,Feminino,Nordeste,42.84,37,padrao,53,0,4.5,ANUAL,DOCUMENTARIOS
TEST-31PC-0209,69,Feminino,Sul,96.51,2,premium,2,15,1.8,MENSAL,FILMES
TEST-31PC-0711,29,Masculino,Nordeste,59.93,50,padrao,24,1,4.3,ANUAL,DOCUMENTARIOS
TEST-31PC-0945,42,Feminino,Sudeste,42.06,42,padrao,47,0,4.2,ANUAL,SERIES
TEST-31PC-0674,56,Feminino,Norte,70.88,59,padrao,96,0,4.6,MENSAL,FILMES
TEST-31PC-0737,20,Feminino,Sul,57.4,31,padrao,20,1,4.2,MENSAL,FILMES
TEST-31PC-0933,70,Feminino,Sudeste,37.42,36,padrao,37,0,4.2,ANUAL,ESPORTES
TEST-31PC-0727,66,Masculino,Norte,43.08,14,basico,29,1,4.5,ANUAL,SERIES
TEST-31PC-0527,68,Feminino,Centro-Oeste,88.2,54,padrao,23,0,4.1,ANUAL,ESPORTES
TEST-31PC-0702,69,Masculino,Sudeste,38.42,58,padrao,89,0,4.9,MENSAL,SERIES
TEST-31PC-0335,28,Feminino,Norte,77.99,26,basico,22,1,4.3,ANUAL,ESPORTES
TEST-31PC-0280,69,Masculino,Nordeste,75.63,1,padrao,1,7,1.7,MENSAL,DOCUMENTARIOS
TEST-31PC-0233,67,Masculino,Norte,79.45,2,premium,0,15,1.6,MENSAL,DOCUMENTARIOS
TEST-31PC-0300,58,Masculino,Centro-Oeste,116.59,3,premium,5,5,2.1,MENSAL,ESPORTES
TEST-31PC-0293,59,Masculino,Norte,95.17,1,premium,0,15,1.4,MENSAL,SERIES
TEST-31PC-0025,63,Feminino,Sul,134.97,2,premium,4,7,1.8,MENSAL,SERIES
TEST-31PC-0217,23,Masculino,Sudeste,108.89,2,premium,5,5,2.4,MENSAL,FILMES
TEST-31PC-0925,44,Feminino,Sul,45.24,42,basico,91,0,4.7,ANUAL,DOCUMENTARIOS
TEST-31PC-0037,70,Masculino,Norte,45.53,1,premium,0,6,1.9,MENSAL,SERIES
TEST-31PC-0177,45,Feminino,Centro-Oeste,102.54,2,premium,2,7,2.1,MENSAL,FILMES
TEST-31PC-0934,19,Masculino,Centro-Oeste,84.01,51,padrao,21,0,4.0,ANUAL,ESPORTES
TEST-31PC-0787,21,Feminino,Norte,58.13,57,padrao,91,0,4.3,MENSAL,ESPORTES
TEST-31PC-0574,28,Feminino,Norte,62.31,44,padrao,76,0,4.0,ANUAL,ESPORTES
TEST-31PC-0700,45,Masculino,Centro-Oeste,39.17,14,basico,21,0,4.3,MENSAL,DOCUMENTARIOS
TEST-31PC-0421,24,Feminino,Nordeste,60.32,44,basico,100,1,4.1,ANUAL,SERIES
TEST-31PC-0691,67,Masculino,Sudeste,55.45,39,padrao,69,1,4.7,MENSAL,FILMES
TEST-31PC-0779,20,Feminino,Centro-Oeste,72.23,36,basico,74,1,4.4,MENSAL,ESPORTES
TEST-31PC-0065,43,Feminino,Centro-Oeste,123.16,2,premium,4,8,2.4,MENSAL,SERIES
TEST-31PC-0799,60,Feminino,Sul,74.78,49,padrao,80,1,4.6,ANUAL,SERIES
TEST-31PC-0061,26,Masculino,Sul,78.25,2,premium,0,7,2.0,MENSAL,FILMES
TEST-31PC-0579,48,Feminino,Norte,42.99,34,padrao,41,1,4.8,ANUAL,FILMES
TEST-31PC-0234,54,Masculino,Sudeste,119.03,1,premium,2,18,2.3,MENSAL,ESPORTES
TEST-31PC-0424,70,Feminino,Centro-Oeste,31.11,47,basico,82,1,4.3,MENSAL,FILMES
TEST-31PC-0054,55,Masculino,Centro-Oeste,47.04,1,padrao,5,13,1.6,MENSAL,DOCUMENTARIOS
TEST-31PC-0575,56,Masculino,Sudeste,80.58,29,padrao,38,0,4.6,ANUAL,FILMES
TEST-31PC-0398,21,Feminino,Norte,40.03,55,padrao,100,1,4.4,ANUAL,ESPORTES
TEST-31PC-0988,38,Masculino,Sudeste,75.28,50,basico,57,1,4.1,MENSAL,ESPORTES
TEST-31PC-0547,44,Masculino,Sudeste,77.52,60,padrao,64,1,4.3,ANUAL,ESPORTES
TEST-31PC-0038,41,Feminino,Sul,39.67,2,premium,4,8,2.5,MENSAL,FILMES
TEST-31PC-0846,69,Masculino,Sudeste,33.71,58,basico,90,0,4.7,MENSAL,ESPORTES
TEST-31PC-0199,56,Masculino,Centro-Oeste,80.94,3,premium,3,15,1.4,MENSAL,ESPORTES
TEST-31PC-0369,42,Masculino,Centro-Oeste,78.16,32,basico,33,1,4.9,MENSAL,FILMES
TEST-31PC-0917,61,Masculino,Centro-Oeste,82.37,50,basico,34,0,4.4,ANUAL,DOCUMENTARIOS
TEST-31PC-0120,62,Masculino,Norte,57.12,1,premium,0,18,2.5,MENSAL,DOCUMENTARIOS
TEST-31PC-0185,19,Masculino,Norte,108.81,2,basico,1,16,2.3,MENSAL,DOCUMENTARIOS
TEST-31PC-0088,48,Masculino,Sudeste,55.28,2,padrao,2,19,1.9,MENSAL,SERIES
TEST-31PC-0532,28,Feminino,Sul,77.69,38,basico,95,1,4.4,ANUAL,DOCUMENTARIOS
TEST-31PC-0958,48,Feminino,Norte,69.58,48,basico,78,1,4.1,ANUAL,FILMES
TEST-31PC-0010,24,Masculino,Sudeste,60.36,2,premium,3,6,2.4,MENSAL,ESPORTES
TEST-31PC-0419,70,Masculino,Nordeste,40.45,18,basico,85,0,4.4,MENSAL,DOCUMENTARIOS
TEST-31PC-0087,21,Feminino,Sudeste,61.0,2,premium,1,14,1.5,MENSAL,FILMES
TEST-31PC-0535,56,Feminino,Centro-Oeste,55.13,40,padrao,59,0,4.7,ANUAL,FILMES
TEST-31PC-0525,67,Feminino,Centro-Oeste,74.91,26,basico,75,0,4.9,MENSAL,FILMES
TEST-31PC-0726,29,Masculino,Sul,55.84,56,padrao,81,1,4.6,ANUAL,ESPORTES
TEST-31PC-0922,30,Feminino,Nordeste,85.85,40,padrao,49,0,4.1,ANUAL,DOCUMENTARIOS
TEST-31PC-0228,23,Masculino,Norte,120.48,2,premium,3,9,1.3,MENSAL,SERIES
TEST-31PC-0340,64,Feminino,Norte,46.16,41,basico,100,0,5.0,ANUAL,FILMES
TEST-31PC-0827,57,Feminino,Nordeste,88.72,38,padrao,51,1,4.2,MENSAL,DOCUMENTARIOS
TEST-31PC-0302,18,Masculino,Centro-Oeste,102.86,1,basico,1,6,1.7,MENSAL,DOCUMENTARIOS
TEST-31PC-0062,65,Feminino,Centro-Oeste,121.66,1,premium,1,7,1.2,MENSAL,SERIES
TEST-31PC-0802,43,Feminino,Sul,71.33,26,basico,95,0,4.8,ANUAL,ESPORTES
TEST-31PC-0612,33,Feminino,Norte,41.5,50,padrao,33,0,4.1,ANUAL,DOCUMENTARIOS
TEST-31PC-0901,49,Masculino,Sudeste,49.21,13,basico,89,0,4.6,ANUAL,DOCUMENTARIOS
TEST-31PC-0291,63,Feminino,Centro-Oeste,96.8,1,premium,0,5,1.5,MENSAL,DOCUMENTARIOS
TEST-31PC-0264,32,Masculino,Sudeste,133.95,3,premium,2,9,1.4,MENSAL,ESPORTES
TEST-31PC-0220,45,Feminino,Centro-Oeste,70.36,1,premium,5,7,1.3,MENSAL,FILMES
TEST-31PC-0817,26,Masculino,Nordeste,35.87,12,padrao,78,0,5.0,MENSAL,FILMES
TEST-31PC-0144,53,Masculino,Norte,120.64,1,premium,5,15,1.7,MENSAL,FILMES
TEST-31PC-0102,41,Feminino,Nordeste,103.32,1,premium,3,11,1.9,MENSAL,ESPORTES
TEST-31PC-0459,19,Feminino,Centro-Oeste,63.33,35,padrao,35,0,4.2,ANUAL,ESPORTES
TEST-31PC-0402,55,Masculino,Sudeste,43.88,31,basico,40,0,4.8,MENSAL,ESPORTES
TEST-31PC-0806,69,Feminino,Sul,50.24,24,padrao,64,0,4.1,ANUAL,DOCUMENTARIOS
TEST-31PC-0655,53,Feminino,Sul,45.74,20,padrao,39,0,4.6,MENSAL,DOCUMENTARIOS
TEST-31PC-0555,34,Masculino,Sudeste,67.91,24,basico,58,0,4.8,ANUAL,ESPORTES
TEST-31PC-0534,47,Masculino,Sudeste,79.76,20,basico,60,0,4.3,MENSAL,ESPORTES
TEST-31PC-0567,31,Feminino,Centro-Oeste,86.97,52,padrao,100,1,4.5,MENSAL,DOCUMENTARIOS
TEST-31PC-0229,21,Feminino,Centro-Oeste,32.99,2,premium,2,12,2.5,MENSAL,ESPORTES
TEST-31PC-0072,62,Feminino,Sul,31.94,2,premium,1,18,1.7,MENSAL,DOCUMENTARIOS
TEST-31PC-0158,21,Masculino,Norte,64.35,1,basico,0,5,2.3,MENSAL,SERIES
TEST-31PC-0029,33,Feminino,Nordeste,44.49,3,premium,1,6,1.7,MENSAL,DOCUMENTARIOS
TEST-31PC-0603,27,Masculino,Centro-Oeste,67.95,20,basico,69,0,4.6,ANUAL,DOCUMENTARIOS
TEST-31PC-0939,60,Masculino,Sudeste,85.21,23,basico,85,0,4.7,MENSAL,FILMES
TEST-31PC-0073,19,Feminino,Nordeste,81.68,2,padrao,5,18,1.3,MENSAL,ESPORTES
TEST-31PC-0122,44,Feminino,Norte,69.01,2,basico,2,14,1.3,MENSAL,ESPORTES
TEST-31PC-0318,37,Feminino,Sudeste,77.45,60,padrao,59,0,4.2,ANUAL,SERIES
TEST-31PC-0560,33,Feminino,Sul,47.57,44,basico,95,0,4.5,MENSAL,SERIES
TEST-31PC-0269,44,Masculino,Nordeste,103.27,3,premium,0,13,1.9,MENSAL,DOCUMENTARIOS
TEST-31PC-0893,70,Masculino,Sul,40.9,13,padrao,80,1,4.4,MENSAL,SERIES
TEST-31PC-0034,27,Feminino,Nordeste,35.75,1,premium,3,15,2.4,MENSAL,FILMES
TEST-31PC-0160,64,Masculino,Centro-Oeste,43.41,3,premium,3,15,2.1,MENSAL,DOCUMENTARIOS
TEST-31PC-0594,47,Masculino,Norte,57.25,22,padrao,56,0,4.5,ANUAL,SERIES
TEST-31PC-0183,26,Feminino,Nordeste,60.29,3,premium,2,5,2.3,MENSAL,DOCUMENTARIOS
TEST-31PC-0778,68,Masculino,Centro-Oeste,30.68,17,padrao,68,0,4.0,MENSAL,ESPORTES
TEST-31PC-0540,23,Masculino,Sudeste,70.97,16,basico,92,1,4.4,ANUAL,ESPORTES
TEST-31PC-0351,18,Masculino,Nordeste,63.28,48,padrao,86,0,4.1,MENSAL,DOCUMENTARIOS
TEST-31PC-0666,33,Feminino,Nordeste,71.91,47,padrao,30,1,4.1,ANUAL,DOCUMENTARIOS
TEST-31PC-0330,24,Feminino,Sul,44.56,15,padrao,40,0,4.7,ANUAL,ESPORTES
TEST-31PC-0112,33,Masculino,Nordeste,60.73,2,premium,0,8,1.2,MENSAL,ESPORTES
TEST-31PC-0407,64,Feminino,Centro-Oeste,86.03,24,padrao,99,1,4.3,MENSAL,FILMES
TEST-31PC-0418,28,Masculino,Centro-Oeste,78.54,58,basico,26,0,4.1,MENSAL,ESPORTES
TEST-31PC-0921,52,Masculino,Norte,62.27,15,basico,23,0,4.1,MENSAL,DOCUMENTARIOS
TEST-31PC-0577,59,Masculino,Sul,59.5,50,basico,62,1,4.6,ANUAL,SERIES
TEST-31PC-0360,42,Feminino,Centro-Oeste,56.67,24,padrao,39,1,4.8,ANUAL,ESPORTES
TEST-31PC-0253,49,Masculino,Sul,58.38,2,premium,4,7,1.7,MENSAL,FILMES
TEST-31PC-0001,22,Feminino,Norte,45.42,1,premium,2,17,2.1,MENSAL,SERIES
TEST-31PC-0202,29,Feminino,Norte,66.89,2,premium,2,20,1.9,MENSAL,DOCUMENTARIOS
TEST-31PC-0869,49,Masculino,Nordeste,59.23,27,padrao,28,1,4.6,MENSAL,DOCUMENTARIOS
TEST-31PC-0191,57,Masculino,Centro-Oeste,119.24,1,premium,0,12,2.2,MENSAL,ESPORTES
TEST-31PC-0981,54,Masculino,Sul,44.04,19,basico,76,1,4.0,ANUAL,FILMES
TEST-31PC-0689,44,Masculino,Sul,48.53,14,basico,67,0,4.9,ANUAL,ESPORTES
TEST-31PC-0667,48,Masculino,Sul,36.94,58,basico,21,0,4.6,ANUAL,SERIES
TEST-31PC-0188,24,Masculino,Norte,127.66,2,basico,0,13,2.1,MENSAL,ESPORTES
TEST-31PC-0008,52,Feminino,Nordeste,109.54,2,padrao,0,8,1.9,MENSAL,FILMES
TEST-31PC-0060,40,Feminino,Centro-Oeste,76.88,3,premium,0,18,1.9,MENSAL,DOCUMENTARIOS
TEST-31PC-0878,43,Feminino,Sudeste,76.93,47,padrao,36,1,5.0,ANUAL,SERIES
TEST-31PC-0748,65,Masculino,Sudeste,77.67,39,basico,75,1,4.6,MENSAL,ESPORTES
TEST-31PC-0393,68,Feminino,Centro-Oeste,30.37,14,padrao,71,1,4.5,MENSAL,FILMES
TEST-31PC-0570,43,Feminino,Centro-Oeste,34.17,45,basico,23,1,4.6,MENSAL,SERIES
TEST-31PC-0953,51,Feminino,Sul,35.05,26,basico,30,1,4.8,ANUAL,DOCUMENTARIOS
TEST-31PC-0647,37,Masculino,Nordeste,34.58,60,basico,46,1,4.4,ANUAL,SERIES
TEST-31PC-0582,25,Feminino,Norte,55.74,50,basico,100,0,4.5,ANUAL,DOCUMENTARIOS
TEST-31PC-0036,61,Feminino,Norte,126.75,2,premium,4,19,1.5,MENSAL,FILMES
TEST-31PC-0625,33,Masculino,Sul,58.08,29,basico,82,1,4.2,ANUAL,FILMES
TEST-31PC-0016,50,Masculino,Centro-Oeste,111.3,2,premium,0,10,1.5,MENSAL,DOCUMENTARIOS
TEST-31PC-0546,34,Feminino,Sul,73.01,26,padrao,20,0,4.3,ANUAL,SERIES
TEST-31PC-0193,46,Masculino,Centro-Oeste,121.39,1,padrao,4,15,2.2,MENSAL,FILMES
TEST-31PC-0218,22,Feminino,Centro-Oeste,131.44,2,premium,0,6,2.1,MENSAL,SERIES
TEST-31PC-0946,55,Feminino,Sudeste,58.48,28,basico,76,1,4.2,ANUAL,SERIES
TEST-31PC-0009,22,Feminino,Norte,52.4,2,premium,5,12,2.4,MENSAL,DOCUMENTARIOS
TEST-31PC-0862,52,Feminino,Centro-Oeste,36.05,13,basico,84,1,4.2,ANUAL,ESPORTES
TEST-31PC-0337,61,Feminino,Sul,51.26,54,basico,83,1,4.1,ANUAL,DOCUMENTARIOS
TEST-31PC-0904,69,Masculino,Sudeste,50.34,43,padrao,34,0,4.6,ANUAL,DOCUMENTARIOS
TEST-31PC-0875,58,Feminino,Sul,65.15,14,basico,26,1,4.2,ANUAL,DOCUMENTARIOS
TEST-31PC-0819,19,Feminino,Nordeste,66.27,46,padrao,28,0,4.9,MENSAL,SERIES
TEST-31PC-0753,67,Masculino,Centro-Oeste,69.65,13,padrao,97,0,4.3,ANUAL,DOCUMENTARIOS
TEST-31PC-0472,70,Masculino,Sul,48.75,26,basico,55,1,4.6,ANUAL,ESPORTES
TEST-31PC-0859,51,Feminino,Sudeste,46.5,18,basico,87,0,4.8,MENSAL,SERIES
TEST-31PC-0172,41,Feminino,Centro-Oeste,115.23,1,premium,2,19,1.4,MENSAL,SERIES
TEST-31PC-0652,50,Feminino,Norte,82.78,39,basico,56,1,4.9,ANUAL,SERIES
TEST-31PC-0855,40,Feminino,Centro-Oeste,44.02,17,padrao,63,0,4.9,MENSAL,ESPORTES
TEST-31PC-0021,20,Masculino,Nordeste,57.29,2,premium,1,9,1.9,MENSAL,FILMES
TEST-31PC-0972,31,Feminino,Sul,85.71,37,basico,44,0,4.3,ANUAL,ESPORTES
TEST-31PC-0731,27,Feminino,Sudeste,81.27,45,basico,41,0,4.3,MENSAL,FILMES
TEST-31PC-0824,51,Feminino,Sul,44.41,52,basico,20,1,5.0,ANUAL,FILMES
TEST-31PC-0150,23,Masculino,Centro-Oeste,36.22,3,premium,1,17,2.1,MENSAL,FILMES
TEST-31PC-0993,40,Feminino,Sul,35.87,30,padrao,67,0,4.2,ANUAL,SERIES
TEST-31PC-0286,35,Masculino,Nordeste,125.45,2,premium,5,14,2.4,MENSAL,DOCUMENTARIOS
TEST-31PC-0358,66,Masculino,Norte,70.62,14,padrao,96,1,4.3,ANUAL,DOCUMENTARIOS
TEST-31PC-0677,67,Feminino,Sul,66.21,59,padrao,52,0,4.4,MENSAL,DOCUMENTARIOS
TEST-31PC-0355,30,Masculino,Sudeste,72.43,36,basico,68,0,4.5,MENSAL,ESPORTES
TEST-31PC-0572,37,Masculino,Centro-Oeste,85.24,33,basico,46,1,4.4,ANUAL,DOCUMENTARIOS
TEST-31PC-0664,39,Feminino,Norte,41.94,57,padrao,75,1,4.3,MENSAL,SERIES
TEST-31PC-0289,59,Feminino,Nordeste,138.63,2,premium,3,6,2.5,MENSAL,FILMES
TEST-31PC-0235,68,Feminino,Norte,38.84,1,premium,4,7,1.6,MENSAL,SERIES
TEST-31PC-0076,46,Feminino,Centro-Oeste,39.55,3,premium,2,6,1.8,MENSAL,FILMES
TEST-31PC-0244,22,Feminino,Nordeste,127.56,1,padrao,4,18,1.8,MENSAL,FILMES
TEST-31PC-0306,52,Masculino,Norte,48.63,2,padrao,2,7,2.2,MENSAL,ESPORTES
TEST-31PC-0639,42,Masculino,Nordeste,86.63,53,padrao,69,1,4.2,MENSAL,ESPORTES
TEST-31PC-0877,68,Masculino,Nordeste,33.45,34,basico,85,1,4.2,MENSAL,SERIES
TEST-31PC-0311,48,Feminino,Norte,46.95,57,basico,84,1,4.9,ANUAL,DOCUMENTARIOS
TEST-31PC-0975,69,Masculino,Sul,41.96,59,basico,58,1,4.7,MENSAL,FILMES
TEST-31PC-0282,38,Masculino,Norte,101.78,3,premium,1,19,1.2,MENSAL,DOCUMENTARIOS
TEST-31PC-0170,27,Masculino,Nordeste,102.41,1,premium,2,18,1.8,MENSAL,SERIES
TEST-31PC-0732,64,Masculino,Sudeste,67.79,52,padrao,79,0,4.1,MENSAL,FILMES
TEST-31PC-0099,55,Feminino,Sul,39.92,1,premium,5,9,2.1,MENSAL,FILMES
TEST-31PC-0387,49,Feminino,Centro-Oeste,79.32,55,padrao,24,1,4.9,MENSAL,DOCUMENTARIOS
TEST-31PC-0412,63,Masculino,Norte,82.06,54,basico,40,1,4.5,ANUAL,ESPORTES
TEST-31PC-0243,58,Masculino,Sul,107.84,3,premium,5,9,1.0,MENSAL,SERIES
TEST-31PC-0272,49,Feminino,Centro-Oeste,53.15,1,premium,0,19,2.0,MENSAL,FILMES
TEST-31PC-0693,44,Feminino,Nordeste,42.25,38,padrao,32,1,4.8,ANUAL,ESPORTES
TEST-31PC-0949,38,Feminino,Sul,62.44,12,basico,100,0,4.1,MENSAL,FILMES
TEST-31PC-0200,64,Masculino,Nordeste,51.08,3,premium,5,14,1.4,MENSAL,ESPORTES
TEST-31PC-0983,19,Feminino,Sudeste,51.38,54,basico,30,0,4.2,ANUAL,FILMES
TEST-31PC-0278,36,Feminino,Nordeste,70.89,2,padrao,3,13,1.6,MENSAL,FILMES
TEST-31PC-0513,69,Masculino,Centro-Oeste,46.42,43,basico,91,0,4.8,ANUAL,SERIES
TEST-31PC-0613,43,Masculino,Nordeste,69.27,34,padrao,27,0,5.0,MENSAL,DOCUMENTARIOS
TEST-31PC-0345,65,Masculino,Sudeste,39.19,21,padrao,94,0,4.7,MENSAL,SERIES
TEST-31PC-0521,32,Feminino,Nordeste,31.09,53,padrao,79,1,4.8,MENSAL,DOCUMENTARIOS
TEST-31PC-0979,47,Feminino,Sul,42.84,34,basico,37,1,4.5,ANUAL,SERIES
TEST-31PC-0629,28,Feminino,Norte,41.64,40,basico,86,1,4.5,MENSAL,SERIES
TEST-31PC-0777,53,Masculino,Sudeste,50.05,19,padrao,28,0,4.5,ANUAL,FILMES
TEST-31PC-0619,49,Feminino,Centro-Oeste,48.98,51,padrao,79,1,4.6,ANUAL,FILMES
TEST-31PC-0553,42,Masculino,Nordeste,74.96,15,padrao,83,0,4.7,ANUAL,ESPORTES
TEST-31PC-0692,35,Feminino,Sudeste,64.96,50,padrao,51,1,4.4,MENSAL,DOCUMENTARIOS
TEST-31PC-0932,68,Feminino,Sul,41.11,46,padrao,81,0,4.1,ANUAL,FILMES
TEST-31PC-0724,64,Masculino,Sul,86.45,36,basico,88,0,4.5,MENSAL,DOCUMENTARIOS
TEST-31PC-0956,34,Feminino,Centro-Oeste,60.77,16,padrao,62,0,4.4,ANUAL,DOCUMENTARIOS
TEST-31PC-0006,24,Feminino,Nordeste,112.83,3,premium,0,5,1.4,MENSAL,DOCUMENTARIOS
TEST-31PC-0343,39,Masculino,Sudeste,79.98,16,basico,99,0,4.8,ANUAL,DOCUMENTARIOS
TEST-31PC-0027,26,Feminino,Norte,46.34,1,premium,1,17,1.7,MENSAL,DOCUMENTARIOS
TEST-31PC-0050,64,Feminino,Norte,105.34,2,premium,4,12,1.9,MENSAL,SERIES
TEST-31PC-0429,37,Masculino,Nordeste,83.63,14,basico,20,1,4.5,ANUAL,SERIES
TEST-31PC-0437,31,Masculino,Norte,63.01,30,padrao,41,1,4.4,ANUAL,DOCUMENTARIOS
TEST-31PC-0301,49,Feminino,Nordeste,109.47,2,padrao,0,19,2.1,MENSAL,SERIES
TEST-31PC-0023,49,Feminino,Sul,103.49,1,basico,2,18,2.0,MENSAL,FILMES
TEST-31PC-0325,51,Feminino,Nordeste,56.86,50,padrao,20,1,4.6,MENSAL,SERIES
TEST-31PC-0045,24,Masculino,Centro-Oeste,136.65,2,premium,4,10,1.0,MENSAL,ESPORTES
TEST-31PC-0020,34,Feminino,Centro-Oeste,111.47,1,premium,5,16,1.7,MENSAL,DOCUMENTARIOS
TEST-31PC-0372,59,Masculino,Sul,78.74,15,padrao,30,1,4.6,MENSAL,DOCUMENTARIOS
TEST-31PC-0109,20,Feminino,Sul,144.43,3,premium,4,14,1.5,MENSAL,FILMES
TEST-31PC-0994,52,Feminino,Nordeste,32.55,25,padrao,100,1,4.9,MENSAL,ESPORTES
TEST-31PC-0399,54,Feminino,Nordeste,61.69,53,basico,39,0,4.4,ANUAL,FILMES
TEST-31PC-0408,63,Feminino,Sudeste,61.58,46,basico,73,1,4.3,ANUAL,ESPORTES
TEST-31PC-0481,20,Feminino,Nordeste,71.34,35,basico,91,1,4.7,MENSAL,FILMES
TEST-31PC-0785,41,Feminino,Norte,51.74,38,basico,60,0,4.2,MENSAL,ESPORTES
TEST-31PC-0698,37,Masculino,Centro-Oeste,68.93,40,padrao,83,0,4.3,ANUAL,SERIES
TEST-31PC-0446,67,Masculino,Sul,75.37,58,basico,73,1,4.4,MENSAL,FILMES
TEST-31PC-0804,18,Masculino,Nordeste,32.29,30,padrao,61,1,4.4,MENSAL,ESPORTES
TEST-31PC-0550,62,Feminino,Centro-Oeste,61.8,49,basico,86,0,4.6,MENSAL,DOCUMENTARIOS
TEST-31PC-0249,58,Masculino,Nordeste,88.63,2,premium,3,16,1.6,MENSAL,SERIES
TEST-31PC-0881,57,Feminino,Centro-Oeste,66.38,54,padrao,49,1,4.7,ANUAL,SERIES
TEST-31PC-0113,68,Masculino,Sudeste,39.78,2,premium,5,17,1.1,MENSAL,DOCUMENTARIOS
TEST-31PC-0485,46,Feminino,Norte,66.94,58,padrao,49,1,4.5,ANUAL,FILMES
TEST-31PC-0326,61,Masculino,Centro-Oeste,87.58,44,basico,96,1,4.7,MENSAL,SERIES
TEST-31PC-0495,57,Masculino,Centro-Oeste,32.41,22,basico,84,0,4.7,ANUAL,ESPORTES
TEST-31PC-0362,30,Feminino,Sudeste,81.14,41,padrao,44,0,4.7,MENSAL,ESPORTES
TEST-31PC-0903,48,Feminino,Nordeste,34.7,35,basico,38,0,4.4,MENSAL,ESPORTES
TEST-31PC-0889,48,Masculino,Centro-Oeste,83.72,49,padrao,52,1,4.2,MENSAL,ESPORTES
TEST-31PC-0012,30,Masculino,Nordeste,55.45,3,premium,4,11,2.1,MENSAL,SERIES
TEST-31PC-0256,43,Masculino,Norte,114.66,3,premium,5,8,1.0,MENSAL,DOCUMENTARIOS
TEST-31PC-0265,46,Masculino,Nordeste,92.83,2,premium,0,12,1.2,MENSAL,ESPORTES
TEST-31PC-0336,60,Masculino,Norte,54.7,37,basico,75,1,4.3,ANUAL,FILMES
TEST-31PC-0810,66,Masculino,Sul,61.05,55,padrao,45,1,4.6,ANUAL,SERIES
TEST-31PC-0451,26,Feminino,Sul,34.63,26,padrao,25,0,4.6,MENSAL,FILMES
TEST-31PC-0835,22,Masculino,Norte,60.82,53,basico,99,0,4.5,MENSAL,DOCUMENTARIOS
TEST-31PC-0520,50,Masculino,Norte,37.34,29,padrao,45,0,4.6,ANUAL,FILMES
TEST-31PC-0371,68,Masculino,Sudeste,87.36,42,basico,30,1,4.9,ANUAL,DOCUMENTARIOS
TEST-31PC-0618,18,Feminino,Norte,31.89,13,basico,92,0,4.5,MENSAL,DOCUMENTARIOS
TEST-31PC-0944,33,Feminino,Norte,70.28,22,padrao,76,0,4.9,ANUAL,ESPORTES
TEST-31PC-0479,45,Masculino,Norte,51.66,19,basico,36,0,4.3,MENSAL,DOCUMENTARIOS
TEST-31PC-0409,54,Feminino,Nordeste,77.58,21,padrao,76,0,4.4,ANUAL,DOCUMENTARIOS
TEST-31PC-0211,40,Masculino,Sul,80.48,2,premium,4,10,2.0,MENSAL,ESPORTES
TEST-31PC-0913,55,Masculino,Norte,51.85,30,padrao,43,1,4.4,ANUAL,FILMES
TEST-31PC-0758,45,Feminino,Sul,50.91,45,padrao,31,1,4.6,MENSAL,FILMES
TEST-31PC-0125,54,Masculino,Sudeste,30.16,1,premium,2,19,2.4,MENSAL,ESPORTES
TEST-31PC-0089,22,Masculino,Sul,119.47,1,premium,1,6,1.2,MENSAL,SERIES
TEST-31PC-0017,63,Masculino,Sul,39.3,2,premium,2,14,2.0,MENSAL,FILMES
TEST-31PC-0397,27,Masculino,Sudeste,57.4,27,padrao,92,1,4.7,ANUAL,SERIES
TEST-31PC-0642,60,Feminino,Sudeste,54.05,29,basico,82,1,5.0,ANUAL,SERIES
TEST-31PC-0100,45,Feminino,Sudeste,129.54,1,premium,3,7,1.6,MENSAL,SERIES
TEST-31PC-0097,23,Feminino,Nordeste,136.68,2,premium,5,10,2.3,MENSAL,SERIES
TEST-31PC-0624,43,Feminino,Centro-Oeste,52.38,41,basico,66,0,4.5,ANUAL,DOCUMENTARIOS
TEST-31PC-0090,25,Feminino,Sul,49.85,3,premium,1,16,1.1,MENSAL,SERIES
TEST-31PC-0071,22,Feminino,Norte,34.26,2,premium,4,13,2.3,MENSAL,SERIES
TEST-31PC-0959,57,Masculino,Norte,64.97,19,padrao,75,1,4.6,ANUAL,SERIES
TEST-31PC-0867,47,Masculino,Sudeste,83.72,48,padrao,39,0,4.1,MENSAL,SERIES
TEST-31PC-0615,29,Masculino,Sudeste,80.69,34,basico,97,1,4.8,MENSAL,SERIES
TEST-31PC-0277,64,Feminino,Sudeste,48.18,2,premium,2,19,1.2,MENSAL,ESPORTES
TEST-31PC-0821,21,Feminino,Nordeste,77.86,41,basico,30,0,4.4,ANUAL,ESPORTES
TEST-31PC-0019,20,Masculino,Norte,35.25,1,premium,2,11,1.9,MENSAL,DOCUMENTARIOS
TEST-31PC-0194,63,Feminino,Norte,38.32,3,premium,3,17,2.0,MENSAL,FILMES
TEST-31PC-0630,25,Masculino,Sudeste,57.88,34,basico,67,1,4.8,ANUAL,ESPORTES
TEST-31PC-0056,70,Feminino,Sudeste,57.65,1,premium,4,16,2.1,MENSAL,SERIES
TEST-31PC-0866,63,Feminino,Sudeste,41.77,33,padrao,82,0,4.2,ANUAL,SERIES
TEST-31PC-0658,44,Masculino,Sul,35.65,59,padrao,65,0,4.8,MENSAL,DOCUMENTARIOS
TEST-31PC-0250,63,Masculino,Norte,73.23,2,premium,1,8,2.5,MENSAL,SERIES
TEST-31PC-0620,55,Masculino,Nordeste,36.26,25,basico,68,1,4.9,ANUAL,DOCUMENTARIOS
TEST-31PC-0267,22,Feminino,Sudeste,43.27,2,premium,0,7,1.8,MENSAL,SERIES
TEST-31PC-0999,66,Masculino,Centro-Oeste,71.37,51,padrao,86,0,4.7,ANUAL,FILMES
TEST-31PC-0892,68,Masculino,Nordeste,85.22,23,basico,95,1,4.9,ANUAL,SERIES
TEST-31PC-0707,63,Masculino,Nordeste,43.82,30,basico,87,1,4.8,ANUAL,ESPORTES
TEST-31PC-0230,33,Masculino,Sul,127.53,2,basico,4,12,1.3,MENSAL,SERIES
TEST-31PC-0110,46,Feminino,Centro-Oeste,94.96,1,premium,2,12,2.0,MENSAL,DOCUMENTARIOS
TEST-31PC-0705,57,Feminino,Sul,88.24,40,basico,40,1,4.1,MENSAL,FILMES
TEST-31PC-0568,31,Masculino,Sudeste,40.91,59,basico,89,0,4.2,ANUAL,SERIES
TEST-31PC-0334,53,Feminino,Nordeste,87.37,17,padrao,59,0,4.8,ANUAL,DOCUMENTARIOS
TEST-31PC-0436,31,Masculino,Sudeste,78.08,32,padrao,63,1,4.9,ANUAL,SERIES
TEST-31PC-0187,44,Feminino,Nordeste,124.75,2,premium,0,19,2.1,MENSAL,FILMES
TEST-31PC-0839,22,Masculino,Centro-Oeste,88.09,25,basico,39,0,4.0,MENSAL,DOCUMENTARIOS
TEST-31PC-0961,26,Masculino,Sudeste,41.28,15,basico,89,1,4.2,MENSAL,DOCUMENTARIOS
TEST-31PC-0626,30,Feminino,Sul,42.98,23,padrao,67,0,4.5,MENSAL,FILMES
TEST-31PC-0363,67,Feminino,Sudeste,60.14,13,basico,78,0,4.7,MENSAL,ESPORTES
TEST-31PC-0801,49,Feminino,Centro-Oeste,63.67,37,basico,94,1,4.7,ANUAL,DOCUMENTARIOS
TEST-31PC-0308,25,Masculino,Norte,32.49,2,premium,1,7,1.3,MENSAL,DOCUMENTARIOS
TEST-31PC-0384,25,Feminino,Nordeste,88.4,55,padrao,20,0,4.2,ANUAL,SERIES
TEST-31PC-0645,35,Feminino,Sul,87.4,15,padrao,52,0,4.9,ANUAL,SERIES
TEST-31PC-0489,63,Feminino,Centro-Oeste,49.99,32,padrao,83,0,4.3,MENSAL,ESPORTES
TEST-31PC-0803,48,Feminino,Nordeste,45.23,42,basico,67,1,4.7,MENSAL,SERIES
TEST-31PC-0721,35,Feminino,Nordeste,65.36,21,padrao,90,0,4.2,ANUAL,FILMES
TEST-31PC-0039,60,Masculino,Norte,48.48,3,premium,2,14,1.1,MENSAL,DOCUMENTARIOS
TEST-31PC-0031,31,Masculino,Centro-Oeste,60.75,1,premium,3,15,1.4,MENSAL,DOCUMENTARIOS
TEST-31PC-0675,64,Masculino,Sul,82.97,39,basico,74,1,4.7,ANUAL,DOCUMENTARIOS
TEST-31PC-0782,34,Feminino,Sul,78.17,56,basico,20,1,4.1,ANUAL,FILMES
TEST-31PC-0654,50,Masculino,Centro-Oeste,35.05,22,basico,41,0,4.2,MENSAL,FILMES
TEST-31PC-0964,35,Feminino,Sul,43.79,57,padrao,21,0,4.5,MENSAL,FILMES
TEST-31PC-0154,66,Masculino,Sul,149.88,1,premium,2,19,1.9,MENSAL,FILMES
TEST-31PC-0952,41,Feminino,Sudeste,38.71,43,padrao,49,1,4.6,ANUAL,FILMES
TEST-31PC-0759,18,Masculino,Nordeste,55.2,33,basico,70,1,4.8,MENSAL,SERIES
TEST-31PC-0927,50,Feminino,Norte,88.12,16,padrao,31,1,4.2,MENSAL,SERIES
TEST-31PC-0015,39,Feminino,Sul,86.52,2,premium,1,11,2.1,MENSAL,DOCUMENTARIOS
TEST-31PC-0273,68,Feminino,Sudeste,138.1,1,basico,1,17,1.2,MENSAL,ESPORTES
TEST-31PC-0887,38,Feminino,Nordeste,74.98,46,padrao,32,0,4.6,MENSAL,ESPORTES
TEST-31PC-0717,60,Masculino,Nordeste,74.33,42,padrao,23,1,4.1,ANUAL,SERIES
TEST-31PC-0518,41,Masculino,Sul,64.61,41,padrao,32,0,4.5,MENSAL,SERIES
TEST-31PC-0830,56,Feminino,Sul,79.54,58,basico,54,0,4.7,ANUAL,SERIES
TEST-31PC-0482,29,Feminino,Centro-Oeste,36.43,48,padrao,26,0,4.4,ANUAL,ESPORTES
TEST-31PC-0094,57,Masculino,Nordeste,61.47,1,premium,5,10,1.2,MENSAL,DOCUMENTARIOS
TEST-31PC-0562,48,Masculino,Centro-Oeste,38.18,16,basico,57,0,4.5,MENSAL,FILMES
TEST-31PC-0365,61,Feminino,Sudeste,79.92,30,basico,48,1,4.3,ANUAL,SERIES
TEST-31PC-0641,30,Masculino,Sul,85.43,13,padrao,70,0,4.6,MENSAL,DOCUMENTARIOS
TEST-31PC-0333,47,Masculino,Nordeste,59.73,50,padrao,85,0,4.7,MENSAL,FILMES
TEST-31PC-0544,20,Feminino,Norte,42.61,44,padrao,35,0,4.8,MENSAL,DOCUMENTARIOS
TEST-31PC-0184,63,Feminino,Centro-Oeste,57.36,3,premium,1,16,2.4,MENSAL,DOCUMENTARIOS
TEST-31PC-0141,56,Feminino,Nordeste,91.72,3,premium,4,8,2.3,MENSAL,SERIES
TEST-31PC-0745,29,Feminino,Sudeste,59.59,19,basico,27,1,4.1,MENSAL,SERIES
TEST-31PC-0926,49,Feminino,Sudeste,71.63,24,basico,96,1,4.0,MENSAL,DOCUMENTARIOS
TEST-31PC-0261,47,Masculino,Sul,140.62,1,premium,1,16,1.8,MENSAL,FILMES
TEST-31PC-0621,19,Masculino,Norte,35.42,23,padrao,34,0,4.2,MENSAL,DOCUMENTARIOS
TEST-31PC-0990,39,Masculino,Norte,63.04,47,padrao,23,0,4.3,MENSAL,ESPORTES
TEST-31PC-0696,62,Masculino,Norte,70.85,25,basico,96,1,4.2,MENSAL,SERIES
TEST-31PC-0215,36,Feminino,Sul,81.71,3,premium,3,12,1.6,MENSAL,ESPORTES
TEST-31PC-0916,50,Feminino,Sudeste,61.97,57,padrao,29,1,4.7,ANUAL,ESPORTES
TEST-31PC-0414,47,Masculino,Nordeste,86.8,39,padrao,49,0,4.2,ANUAL,SERIES
TEST-31PC-0865,54,Masculino,Norte,35.6,60,basico,24,1,4.1,MENSAL,FILMES
TEST-31PC-0487,29,Feminino,Sudeste,85.88,33,padrao,64,0,4.8,ANUAL,FILMES
TEST-31PC-0718,26,Feminino,Sudeste,79.33,21,padrao,89,0,4.5,ANUAL,ESPORTES
TEST-31PC-0480,49,Masculino,Centro-Oeste,44.76,25,basico,20,1,4.9,ANUAL,ESPORTES
TEST-31PC-0814,61,Masculino,Sul,39.93,14,padrao,52,1,4.9,ANUAL,SERIES
TEST-31PC-0074,60,Masculino,Nordeste,149.1,3,premium,5,20,2.3,MENSAL,ESPORTES
TEST-31PC-0033,42,Masculino,Sul,84.05,2,padrao,4,5,1.7,MENSAL,DOCUMENTARIOS
TEST-31PC-0085,42,Feminino,Centro-Oeste,108.63,3,premium,5,12,1.9,MENSAL,SERIES
TEST-31PC-0460,38,Masculino,Sudeste,68.62,41,padrao,98,0,4.9,ANUAL,SERIES
TEST-31PC-0591,58,Feminino,Nordeste,59.53,58,basico,90,1,4.8,ANUAL,ESPORTES
TEST-31PC-0294,42,Feminino,Sul,52.61,1,premium,4,12,2.1,MENSAL,FILMES
TEST-31PC-0589,28,Feminino,Norte,60.93,39,basico,65,1,4.6,ANUAL,FILMES
TEST-31PC-0024,49,Feminino,Nordeste,108.35,1,premium,4,12,1.2,MENSAL,ESPORTES
TEST-31PC-0431,48,Feminino,Nordeste,86.36,23,basico,99,0,4.5,ANUAL,ESPORTES
TEST-31PC-0357,63,Masculino,Sul,36.27,50,padrao,35,0,4.8,ANUAL,FILMES
TEST-31PC-0531,51,Feminino,Norte,56.45,46,basico,85,1,4.9,ANUAL,SERIES
TEST-31PC-0910,47,Masculino,Norte,32.27,40,padrao,56,1,4.8,MENSAL,ESPORTES
TEST-31PC-0671,59,Masculino,Nordeste,37.9,34,padrao,21,1,4.1,ANUAL,SERIES
TEST-31PC-0894,51,Feminino,Centro-Oeste,53.0,56,basico,89,1,4.8,ANUAL,FILMES
TEST-31PC-0754,34,Feminino,Sudeste,62.28,12,basico,79,0,5.0,MENSAL,FILMES
TEST-31PC-0376,37,Feminino,Centro-Oeste,52.43,28,basico,51,0,4.7,MENSAL,ESPORTES
TEST-31PC-0105,36,Masculino,Sul,60.93,2,basico,3,17,1.7,MENSAL,SERIES
TEST-31PC-0298,58,Feminino,Centro-Oeste,86.93,3,basico,5,8,1.8,MENSAL,DOCUMENTARIOS
TEST-31PC-0276,65,Masculino,Nordeste,78.98,2,premium,4,18,1.4,MENSAL,ESPORTES
TEST-31PC-0416,20,Feminino,Centro-Oeste,86.76,49,basico,95,1,4.8,ANUAL,FILMES
TEST-31PC-0573,32,Feminino,Nordeste,80.41,26,padrao,28,0,4.0,ANUAL,ESPORTES
TEST-31PC-0679,47,Feminino,Nordeste,32.92,32,padrao,39,1,4.3,ANUAL,ESPORTES
TEST-31PC-0131,28,Masculino,Sudeste,46.12,1,premium,1,11,2.2,MENSAL,FILMES
TEST-31PC-0231,21,Feminino,Sul,85.52,2,premium,1,5,1.5,MENSAL,DOCUMENTARIOS
TEST-31PC-0704,60,Masculino,Centro-Oeste,53.05,37,padrao,47,1,4.3,ANUAL,FILMES
TEST-31PC-0962,68,Feminino,Nordeste,49.19,45,basico,83,1,4.6,ANUAL,FILMES
TEST-31PC-0476,34,Masculino,Sudeste,69.33,24,basico,91,1,4.7,ANUAL,FILMES
TEST-31PC-0714,38,Feminino,Centro-Oeste,57.59,25,basico,68,0,4.7,MENSAL,ESPORTES
TEST-31PC-0210,33,Masculino,Centro-Oeste,132.38,1,basico,4,18,2.2,MENSAL,FILMES
TEST-31PC-0226,26,Feminino,Norte,65.03,1,premium,1,9,1.4,MENSAL,DOCUMENTARIOS
TEST-31PC-0415,34,Masculino,Nordeste,46.26,33,padrao,22,0,4.2,ANUAL,FILMES
TEST-31PC-0845,23,Feminino,Sul,59.62,15,padrao,45,0,4.5,ANUAL,ESPORTES
TEST-31PC-0462,37,Feminino,Sudeste,32.37,59,padrao,44,1,4.5,ANUAL,FILMES
TEST-31PC-0898,68,Feminino,Nordeste,32.15,41,basico,55,0,4.9,ANUAL,DOCUMENTARIOS
TEST-31PC-0728,56,Feminino,Centro-Oeste,45.85,31,padrao,44,0,4.4,ANUAL,SERIES
TEST-31PC-0837,52,Masculino,Nordeste,33.84,24,padrao,44,0,4.6,MENSAL,ESPORTES
TEST-31PC-0584,34,Masculino,Norte,66.86,12,basico,89,0,4.4,MENSAL,FILMES
TEST-31PC-0967,38,Feminino,Norte,30.23,50,padrao,39,0,4.9,MENSAL,SERIES
TEST-31PC-0305,37,Feminino,Norte,42.34,3,premium,4,20,1.5,MENSAL,SERIES
TEST-31PC-0248,52,Feminino,Norte,69.05,1,basico,3,9,1.6,MENSAL,SERIES
TEST-31PC-0928,36,Feminino,Centro-Oeste,69.51,37,padrao,95,1,4.6,ANUAL,DOCUMENTARIOS
TEST-31PC-0767,54,Masculino,Sudeste,68.41,44,basico,63,0,4.1,MENSAL,ESPORTES
TEST-31PC-0003,18,Feminino,Sul,91.01,1,premium,5,11,2.2,MENSAL,FILMES
TEST-31PC-0722,57,Feminino,Norte,56.67,56,padrao,54,1,4.0,ANUAL,FILMES
TEST-31PC-0656,36,Masculino,Nordeste,30.39,32,padrao,33,1,4.9,MENSAL,FILMES
TEST-31PC-0541,70,Masculino,Sul,50.78,51,basico,45,0,4.7,ANUAL,DOCUMENTARIOS
TEST-31PC-0423,45,Masculino,Centro-Oeste,73.2,23,padrao,88,1,4.2,MENSAL,FILMES
TEST-31PC-0491,60,Feminino,Centro-Oeste,48.17,49,basico,33,1,4.3,ANUAL,FILMES
TEST-31PC-0115,42,Feminino,Norte,29.93,1,premium,3,15,1.8,MENSAL,SERIES
TEST-31PC-0078,42,Feminino,Nordeste,90.92,2,premium,3,18,1.1,MENSAL,ESPORTES
TEST-31PC-0794,24,Feminino,Norte,88.46,20,padrao,31,1,4.5,MENSAL,SERIES
TEST-31PC-0041,23,Masculino,Sudeste,58.2,1,premium,2,5,1.7,MENSAL,DOCUMENTARIOS
TEST-31PC-0828,49,Feminino,Norte,71.77,46,basico,97,0,4.7,ANUAL,DOCUMENTARIOS
TEST-31PC-0296,22,Feminino,Norte,137.68,1,premium,3,18,1.9,MENSAL,SERIES
TEST-31PC-0196,70,Masculino,Sudeste,79.67,2,basico,5,17,1.6,MENSAL,SERIES
TEST-31PC-0556,34,Feminino,Sul,61.94,45,padrao,98,0,4.4,ANUAL,DOCUMENTARIOS
TEST-31PC-0149,28,Feminino,Sudeste,77.0,3,basico,4,14,2.1,MENSAL,SERIES
TEST-31PC-0773,65,Feminino,Centro-Oeste,65.08,41,padrao,67,0,5.0,ANUAL,SERIES
TEST-31PC-0769,32,Feminino,Nordeste,35.28,31,padrao,88,1,4.7,ANUAL,DOCUMENTARIOS
TEST-31PC-0538,37,Feminino,Centro-Oeste,72.04,42,basico,85,0,4.3,MENSAL,DOCUMENTARIOS
TEST-31PC-0175,22,Masculino,Sudeste,33.3,1,padrao,3,12,2.5,MENSAL,DOCUMENTARIOS
TEST-31PC-0616,50,Masculino,Sudeste,42.02,57,padrao,48,0,4.8,ANUAL,ESPORTES
TEST-31PC-0588,69,Masculino,Sudeste,78.32,18,basico,80,1,4.1,MENSAL,SERIES
TEST-31PC-0829,33,Masculino,Sul,83.21,52,basico,79,1,4.7,ANUAL,SERIES
TEST-31PC-0314,63,Feminino,Sul,44.75,21,basico,99,1,4.1,MENSAL,SERIES
TEST-31PC-0173,52,Feminino,Norte,87.34,1,premium,2,7,1.9,MENSAL,DOCUMENTARIOS
TEST-31PC-0394,57,Feminino,Sudeste,33.09,55,basico,70,1,4.4,ANUAL,SERIES
TEST-31PC-0323,44,Feminino,Centro-Oeste,42.36,53,padrao,99,1,4.9,ANUAL,DOCUMENTARIOS
TEST-31PC-0951,29,Masculino,Sul,49.92,42,basico,68,0,4.0,ANUAL,FILMES
TEST-31PC-0879,42,Masculino,Nordeste,79.99,23,basico,53,1,4.5,ANUAL,SERIES
TEST-31PC-0342,54,Masculino,Centro-Oeste,73.04,18,basico,28,0,4.9,MENSAL,DOCUMENTARIOS
TEST-31PC-0103,26,Masculino,Sul,42.52,3,premium,3,14,1.6,MENSAL,ESPORTES
TEST-31PC-0694,69,Feminino,Nordeste,80.73,58,padrao,83,0,4.2,MENSAL,SERIES
TEST-31PC-0648,49,Feminino,Sul,67.92,22,padrao,40,1,5.0,ANUAL,FILMES
TEST-31PC-0093,41,Feminino,Nordeste,147.07,2,premium,2,18,1.8,MENSAL,ESPORTES
TEST-31PC-0706,21,Masculino,Sudeste,50.14,43,padrao,82,0,4.7,MENSAL,FILMES
TEST-31PC-0380,44,Masculino,Sul,36.9,22,basico,27,1,4.5,ANUAL,FILMES
TEST-31PC-0232,21,Feminino,Sul,139.51,3,premium,5,19,1.2,MENSAL,ESPORTES
TEST-31PC-0236,54,Feminino,Sul,30.86,2,premium,5,12,1.9,MENSAL,DOCUMENTARIOS
TEST-31PC-0638,70,Feminino,Centro-Oeste,85.24,23,padrao,99,0,4.2,MENSAL,DOCUMENTARIOS
TEST-31PC-0468,49,Feminino,Sul,61.59,15,padrao,35,1,4.0,MENSAL,ESPORTES
TEST-31PC-0563,42,Masculino,Sudeste,33.45,53,padrao,29,1,4.8,MENSAL,ESPORTES
TEST-31PC-0370,27,Masculino,Norte,55.17,56,basico,90,1,4.7,ANUAL,SERIES
TEST-31PC-0000,25,Masculino,Sul,137.41,2,premium,5,8,1.4,MENSAL,SERIES
TEST-31PC-0299,55,Feminino,Norte,55.16,3,premium,3,7,1.5,MENSAL,SERIES
TEST-31PC-0096,24,Masculino,Norte,40.7,2,padrao,2,13,2.0,MENSAL,DOCUMENTARIOS
TEST-31PC-0929,42,Masculino,Nordeste,59.38,14,padrao,89,0,4.5,MENSAL,ESPORTES
TEST-31PC-0757,22,Feminino,Centro-Oeste,45.96,27,padrao,67,1,4.5,ANUAL,ESPORTES
TEST-31PC-0989,59,Masculino,Sul,58.13,25,padrao,50,1,4.3,MENSAL,ESPORTES
TEST-31PC-0997,53,Masculino,Sul,83.84,31,basico,76,0,5.0,ANUAL,ESPORTES
TEST-31PC-0129,41,Feminino,Sul,72.18,3,premium,3,7,2.2,MENSAL,ESPORTES
TEST-31PC-0683,46,Masculino,Nordeste,63.71,36,basico,61,0,4.4,MENSAL,SERIES
TEST-31PC-0552,62,Masculino,Centro-Oeste,43.07,22,padrao,82,1,4.6,MENSAL,DOCUMENTARIOS
TEST-31PC-0831,21,Feminino,Nordeste,80.03,23,padrao,82,1,4.2,ANUAL,ESPORTES
TEST-31PC-0771,27,Feminino,Nordeste,82.91,49,basico,66,0,4.7,ANUAL,SERIES
TEST-31PC-0833,49,Feminino,Sudeste,55.21,13,padrao,41,1,4.9,ANUAL,DOCUMENTARIOS
TEST-31PC-0687,52,Feminino,Norte,76.96,41,basico,38,0,4.6,MENSAL,SERIES
TEST-31PC-0890,57,Feminino,Norte,68.02,37,padrao,83,1,4.0,ANUAL,FILMES
TEST-31PC-0285,25,Masculino,Nordeste,84.77,2,premium,2,7,1.3,MENSAL,SERIES
TEST-31PC-0772,19,Feminino,Norte,76.5,53,padrao,88,1,4.2,MENSAL,ESPORTES
TEST-31PC-0918,48,Masculino,Nordeste,61.64,45,padrao,82,1,4.5,ANUAL,DOCUMENTARIOS
TEST-31PC-0637,41,Feminino,Nordeste,58.76,26,basico,90,0,4.7,ANUAL,ESPORTES
TEST-31PC-0790,46,Masculino,Nordeste,30.55,29,padrao,79,0,4.6,MENSAL,ESPORTES
TEST-31PC-0186,19,Masculino,Nordeste,44.08,2,premium,1,6,2.5,MENSAL,SERIES
TEST-31PC-0212,56,Feminino,Centro-Oeste,45.32,3,premium,2,8,1.1,MENSAL,SERIES
TEST-31PC-0576,62,Feminino,Centro-Oeste,39.86,58,padrao,96,0,4.4,MENSAL,FILMES
TEST-31PC-0505,43,Masculino,Norte,41.5,50,basico,31,0,4.7,ANUAL,FILMES
TEST-31PC-0275,66,Masculino,Sudeste,36.98,1,padrao,3,10,1.6,MENSAL,DOCUMENTARIOS
TEST-31PC-0368,29,Feminino,Nordeste,77.51,47,padrao,47,1,4.6,ANUAL,SERIES
TEST-31PC-0756,26,Feminino,Sul,52.14,60,basico,68,1,4.7,MENSAL,SERIES
TEST-31PC-0432,37,Feminino,Norte,30.91,46,padrao,35,1,5.0,MENSAL,DOCUMENTARIOS
TEST-31PC-0142,31,Masculino,Sudeste,85.44,3,premium,4,10,1.9,MENSAL,ESPORTES
TEST-31PC-0809,45,Feminino,Norte,66.81,13,basico,25,0,4.4,MENSAL,FILMES
TEST-31PC-0108,30,Feminino,Sudeste,127.93,1,padrao,5,19,2.3,MENSAL,DOCUMENTARIOS
TEST-31PC-0452,47,Feminino,Nordeste,60.51,50,padrao,85,0,5.0,MENSAL,FILMES
TEST-31PC-0703,23,Feminino,Sudeste,67.3,40,basico,96,1,4.9,ANUAL,SERIES
TEST-31PC-0816,39,Masculino,Norte,51.88,24,padrao,58,1,4.4,ANUAL,DOCUMENTARIOS
TEST-31PC-0739,52,Masculino,Nordeste,61.38,28,padrao,54,0,4.5,ANUAL,ESPORTES
TEST-31PC-0611,65,Feminino,Nordeste,76.41,14,basico,50,1,4.7,ANUAL,FILMES
TEST-31PC-0973,56,Feminino,Centro-Oeste,87.84,21,basico,77,1,4.8,ANUAL,DOCUMENTARIOS
TEST-31PC-0157,54,Feminino,Centro-Oeste,133.16,1,premium,1,13,1.8,MENSAL,DOCUMENTARIOS
TEST-31PC-0159,63,Masculino,Centro-Oeste,146.27,3,basico,4,20,2.3,MENSAL,DOCUMENTARIOS
TEST-31PC-0996,60,Feminino,Norte,42.24,22,basico,28,1,4.8,MENSAL,ESPORTES
TEST-31PC-0643,65,Masculino,Centro-Oeste,32.11,22,basico,97,0,5.0,MENSAL,FILMES
TEST-31PC-0537,22,Masculino,Sudeste,48.41,49,basico,24,1,4.4,ANUAL,ESPORTES
TEST-31PC-0098,52,Masculino,Norte,44.31,1,premium,3,17,1.0,MENSAL,DOCUMENTARIOS
TEST-31PC-0047,48,Masculino,Nordeste,149.0,3,basico,5,9,2.2,MENSAL,SERIES
TEST-31PC-0874,69,Masculino,Centro-Oeste,39.14,21,basico,85,0,4.4,ANUAL,SERIES
TEST-31PC-0750,19,Masculino,Centro-Oeste,43.98,37,padrao,44,0,4.4,ANUAL,SERIES
TEST-31PC-0483,24,Feminino,Norte,79.22,25,padrao,27,1,4.3,MENSAL,DOCUMENTARIOS
TEST-31PC-0716,35,Masculino,Centro-Oeste,37.36,32,basico,71,0,4.2,MENSAL,SERIES
TEST-31PC-0166,63,Masculino,Centro-Oeste,108.77,2,premium,0,14,2.4,MENSAL,SERIES
TEST-31PC-0442,29,Feminino,Sul,76.05,20,basico,56,0,4.5,ANUAL,DOCUMENTARIOS
TEST-31PC-0383,34,Feminino,Centro-Oeste,68.61,19,padrao,56,0,4.2,ANUAL,SERIES
TEST-31PC-0715,33,Feminino,Centro-Oeste,50.47,59,padrao,98,0,4.9,MENSAL,ESPORTES
TEST-31PC-0605,67,Feminino,Sudeste,55.37,50,padrao,99,0,4.7,ANUAL,ESPORTES
TEST-31PC-0512,19,Feminino,Nordeste,46.29,49,padrao,65,1,4.0,ANUAL,FILMES
TEST-31PC-0843,32,Masculino,Norte,82.75,39,padrao,43,1,4.4,ANUAL,DOCUMENTARIOS
TEST-31PC-0441,39,Feminino,Centro-Oeste,58.24,60,padrao,48,1,4.9,ANUAL,FILMES
TEST-31PC-0259,20,Feminino,Norte,82.95,1,premium,4,19,2.5,MENSAL,FILMES
TEST-31PC-0627,37,Masculino,Sul,30.33,19,basico,28,1,4.6,ANUAL,SERIES
TEST-31PC-0686,61,Feminino,Sudeste,68.15,28,basico,37,1,4.6,MENSAL,DOCUMENTARIOS
TEST-31PC-0708,41,Feminino,Nordeste,76.0,47,padrao,24,1,4.7,ANUAL,SERIES
TEST-31PC-0871,24,Feminino,Centro-Oeste,43.07,24,basico,32,1,4.5,MENSAL,DOCUMENTARIOS
TEST-31PC-0797,67,Masculino,Sul,87.07,35,basico,68,0,4.2,MENSAL,ESPORTES
TEST-31PC-0883,30,Masculino,Norte,51.25,33,basico,42,1,4.3,ANUAL,FILMES
TEST-31PC-0942,31,Feminino,Centro-Oeste,77.92,41,padrao,74,1,4.2,MENSAL,FILMES
TEST-31PC-0204,31,Masculino,Sul,103.18,1,premium,0,14,2.5,MENSAL,FILMES
TEST-31PC-0049,24,Masculino,Sul,51.19,2,premium,2,17,2.0,MENSAL,ESPORTES
TEST-31PC-0909,66,Feminino,Sudeste,56.44,45,basico,32,0,4.5,ANUAL,DOCUMENTARIOS
TEST-31PC-0690,49,Masculino,Norte,88.9,31,padrao,75,0,4.8,ANUAL,SERIES
TEST-31PC-0411,67,Masculino,Norte,48.23,20,padrao,81,0,4.4,MENSAL,DOCUMENTARIOS
TEST-31PC-0912,39,Masculino,Nordeste,72.21,50,basico,57,0,4.7,ANUAL,ESPORTES
TEST-31PC-0328,55,Masculino,Centro-Oeste,83.29,48,padrao,62,0,4.8,ANUAL,DOCUMENTARIOS
TEST-31PC-0388,69,Masculino,Centro-Oeste,31.69,58,padrao,43,1,4.5,MENSAL,FILMES
TEST-31PC-0798,62,Feminino,Sudeste,40.93,41,padrao,30,0,4.3,MENSAL,FILMES
TEST-31PC-0649,33,Masculino,Centro-Oeste,75.02,25,padrao,39,0,4.9,ANUAL,ESPORTES
TEST-31PC-0595,32,Feminino,Sudeste,36.59,60,padrao,23,0,4.4,ANUAL,ESPORTES
TEST-31PC-0752,30,Masculino,Norte,39.71,13,basico,57,0,4.0,ANUAL,FILMES
TEST-31PC-0450,62,Masculino,Centro-Oeste,42.5,40,padrao,69,0,4.5,ANUAL,DOCUMENTARIOS
TEST-31PC-0842,29,Masculino,Centro-Oeste,53.31,47,padrao,55,0,4.5,ANUAL,ESPORTES
TEST-31PC-0781,37,Masculino,Norte,85.53,53,basico,53,0,4.3,ANUAL,SERIES
TEST-31PC-0151,36,Feminino,Norte,121.66,2,premium,5,16,2.2,MENSAL,DOCUMENTARIOS
TEST-31PC-0985,18,Masculino,Sudeste,85.17,27,padrao,59,0,4.7,ANUAL,ESPORTES
TEST-31PC-0426,63,Feminino,Centro-Oeste,82.25,12,padrao,97,0,4.9,MENSAL,DOCUMENTARIOS
TEST-31PC-0730,44,Masculino,Sul,45.6,22,basico,54,1,4.3,MENSAL,DOCUMENTARIOS
TEST-31PC-0312,34,Feminino,Nordeste,44.97,26,padrao,48,1,4.2,ANUAL,DOCUMENTARIOS
TEST-31PC-0145,61,Feminino,Sudeste,73.47,2,premium,2,9,2.0,MENSAL,ESPORTES
TEST-31PC-0266,32,Feminino,Centro-Oeste,98.26,1,basico,4,5,1.4,MENSAL,ESPORTES
TEST-31PC-0181,64,Feminino,Norte,43.89,3,premium,3,14,1.3,MENSAL,ESPORTES
TEST-31PC-0258,19,Feminino,Nordeste,102.55,1,premium,2,16,2.2,MENSAL,ESPORTES
TEST-31PC-0622,63,Feminino,Nordeste,70.43,28,padrao,31,0,4.1,MENSAL,SERIES
TEST-31PC-0760,21,Masculino,Sul,55.71,23,basico,53,1,4.1,MENSAL,ESPORTES
TEST-31PC-0374,19,Feminino,Nordeste,83.96,47,basico,91,1,4.1,ANUAL,DOCUMENTARIOS
TEST-31PC-0899,24,Feminino,Sul,37.03,42,basico,86,0,4.5,MENSAL,ESPORTES
TEST-31PC-0528,46,Masculino,Norte,36.37,48,basico,41,1,4.8,ANUAL,DOCUMENTARIOS
TEST-31PC-0091,43,Feminino,Sudeste,31.43,3,premium,1,13,1.9,MENSAL,ESPORTES
TEST-31PC-0907,67,Feminino,Centro-Oeste,45.23,23,basico,87,0,4.7,MENSAL,FILMES
TEST-31PC-0610,29,Feminino,Centro-Oeste,53.02,15,basico,70,1,4.6,ANUAL,DOCUMENTARIOS
TEST-31PC-0214,68,Feminino,Centro-Oeste,127.25,2,premium,1,7,2.4,MENSAL,SERIES
TEST-31PC-0596,60,Feminino,Nordeste,54.35,49,padrao,65,1,4.1,ANUAL,SERIES
TEST-31PC-0650,35,Masculino,Centro-Oeste,56.85,27,basico,99,0,4.9,ANUAL,ESPORTES
TEST-31PC-0138,34,Masculino,Sudeste,122.96,2,premium,2,14,1.4,MENSAL,SERIES
TEST-31PC-0428,38,Masculino,Sul,39.92,19,basico,28,0,4.6,ANUAL,DOCUMENTARIOS
TEST-31PC-0600,26,Feminino,Norte,39.32,16,basico,62,1,4.0,MENSAL,DOCUMENTARIOS
TEST-31PC-0077,39,Feminino,Sul,62.14,3,premium,3,20,1.3,MENSAL,FILMES
TEST-31PC-0604,45,Feminino,Sul,38.9,13,padrao,44,1,4.0,MENSAL,ESPORTES
TEST-31PC-0346,59,Feminino,Sul,68.81,34,padrao,84,1,4.2,MENSAL,FILMES
TEST-31PC-0682,62,Feminino,Norte,47.89,27,padrao,59,1,4.2,ANUAL,DOCUMENTARIOS
TEST-31PC-0375,28,Masculino,Sul,85.94,57,basico,36,1,4.7,ANUAL,FILMES
TEST-31PC-0359,52,Feminino,Sul,71.28,54,padrao,74,1,4.1,ANUAL,FILMES
TEST-31PC-0445,61,Masculino,Sudeste,72.22,43,padrao,96,0,4.2,ANUAL,DOCUMENTARIOS
TEST-31PC-0709,39,Feminino,Sul,76.03,23,padrao,62,0,4.2,ANUAL,DOCUMENTARIOS
TEST-31PC-0255,55,Masculino,Norte,131.2,3,premium,5,12,2.0,MENSAL,SERIES
TEST-31PC-0761,70,Feminino,Norte,86.74,46,basico,80,0,4.8,ANUAL,SERIES
TEST-31PC-0886,51,Masculino,Sul,35.96,60,padrao,57,1,4.2,ANUAL,FILMES
TEST-31PC-0341,66,Masculino,Norte,45.28,52,padrao,87,0,4.9,MENSAL,SERIES
TEST-31PC-0028,50,Feminino,Sudeste,36.94,3,premium,1,17,1.8,MENSAL,ESPORTES
TEST-31PC-0510,18,Feminino,Norte,47.83,50,basico,89,1,4.8,ANUAL,DOCUMENTARIOS
TEST-31PC-0851,49,Feminino,Norte,79.81,33,padrao,84,1,4.8,ANUAL,FILMES
TEST-31PC-0662,44,Feminino,Sudeste,37.75,45,padrao,64,0,4.1,ANUAL,SERIES
TEST-31PC-0884,49,Masculino,Nordeste,41.98,27,padrao,86,0,4.6,MENSAL,SERIES
TEST-31PC-0986,56,Feminino,Sul,78.26,60,basico,44,1,4.6,ANUAL,DOCUMENTARIOS
TEST-31PC-0792,61,Feminino,Sudeste,38.89,32,padrao,86,0,4.5,MENSAL,SERIES
TEST-31PC-0165,62,Masculino,Centro-Oeste,74.52,1,premium,5,8,2.2,MENSAL,ESPORTES
TEST-31PC-0310,41,Masculino,Sul,70.45,34,basico,70,1,4.6,MENSAL,DOCUMENTARIOS
TEST-31PC-0640,35,Feminino,Centro-Oeste,73.72,50,basico,88,1,4.8,ANUAL,ESPORTES
TEST-31PC-0320,62,Masculino,Norte,62.79,46,padrao,88,1,4.5,ANUAL,ESPORTES
TEST-31PC-0059,52,Feminino,Centro-Oeste,77.39,3,premium,2,6,1.6,MENSAL,SERIES
TEST-31PC-0467,22,Feminino,Sul,53.07,56,padrao,80,0,4.8,ANUAL,ESPORTES
TEST-31PC-0786,67,Feminino,Norte,67.2,27,padrao,90,0,4.2,MENSAL,SERIES
TEST-31PC-0963,57,Masculino,Centro-Oeste,48.07,41,padrao,32,1,4.4,MENSAL,DOCUMENTARIOS
TEST-31PC-0496,43,Feminino,Sul,63.95,32,padrao,84,0,4.7,MENSAL,FILMES
TEST-31PC-0130,35,Feminino,Centro-Oeste,93.07,1,premium,0,18,1.5,MENSAL,DOCUMENTARIOS
TEST-31PC-0453,42,Feminino,Sul,84.76,25,basico,82,1,5.0,MENSAL,ESPORTES
TEST-31PC-0339,33,Masculino,Sul,80.38,49,padrao,71,0,4.8,MENSAL,SERIES
TEST-31PC-0569,57,Feminino,Sudeste,43.6,51,padrao,92,0,4.2,MENSAL,FILMES
TEST-31PC-0164,66,Feminino,Centro-Oeste,111.06,2,basico,3,7,1.2,MENSAL,SERIES
TEST-31PC-0084,39,Feminino,Centro-Oeste,149.52,2,premium,2,19,1.3,MENSAL,ESPORTES
TEST-31PC-0107,35,Masculino,Centro-Oeste,49.49,1,premium,5,17,1.9,MENSAL,ESPORTES
TEST-31PC-0564,68,Masculino,Sul,75.68,18,padrao,88,0,4.8,MENSAL,ESPORTES
TEST-31PC-0148,41,Feminino,Centro-Oeste,41.49,1,basico,4,6,1.7,MENSAL,ESPORTES
TEST-31PC-0284,20,Masculino,Centro-Oeste,121.85,2,premium,4,18,1.5,MENSAL,FILMES
TEST-31PC-0744,45,Feminino,Sudeste,83.64,20,basico,70,1,4.9,ANUAL,SERIES
TEST-31PC-0422,34,Masculino,Sul,38.38,36,basico,41,1,4.7,ANUAL,FILMES
TEST-31PC-0014,53,Masculino,Norte,123.67,2,padrao,0,13,1.3,MENSAL,DOCUMENTARIOS
TEST-31PC-0536,56,Feminino,Nordeste,77.85,23,padrao,31,1,4.9,ANUAL,ESPORTES
TEST-31PC-0063,30,Masculino,Norte,104.75,1,premium,4,9,1.7,MENSAL,DOCUMENTARIOS
TEST-31PC-0697,35,Feminino,Norte,43.64,32,padrao,36,0,4.2,MENSAL,ESPORTES
TEST-31PC-0068,51,Feminino,Sudeste,80.45,3,premium,5,7,1.8,MENSAL,SERIES
TEST-31PC-0075,69,Feminino,Sudeste,37.38,3,premium,4,6,1.9,MENSAL,DOCUMENTARIOS
TEST-31PC-0213,59,Feminino,Sul,94.81,2,premium,1,11,1.1,MENSAL,ESPORTES
TEST-31PC-0791,25,Masculino,Norte,63.02,37,padrao,65,1,4.7,ANUAL,DOCUMENTARIOS
TEST-31PC-0955,60,Feminino,Nordeste,44.08,12,padrao,37,1,4.9,MENSAL,ESPORTES
TEST-31PC-0500,50,Masculino,Nordeste,83.92,44,basico,75,1,4.6,ANUAL,DOCUMENTARIOS
TEST-31PC-0872,61,Masculino,Sudeste,82.33,59,basico,93,0,4.2,ANUAL,ESPORTES
TEST-31PC-0854,49,Masculino,Sudeste,83.75,49,basico,38,1,4.7,ANUAL,FILMES
TEST-31PC-0609,61,Masculino,Norte,61.59,47,basico,59,0,4.5,MENSAL,ESPORTES
TEST-31PC-0319,61,Masculino,Sul,68.77,55,padrao,40,1,4.6,MENSAL,DOCUMENTARIOS
TEST-31PC-0114,65,Masculino,Sul,50.77,2,premium,5,20,2.3,MENSAL,ESPORTES
TEST-31PC-0081,39,Feminino,Sudeste,140.6,1,premium,4,18,2.0,MENSAL,SERIES
TEST-31PC-0982,59,Feminino,Norte,80.67,39,basico,88,0,4.1,ANUAL,FILMES
TEST-31PC-0227,18,Feminino,Norte,33.56,2,premium,2,16,2.2,MENSAL,FILMES
TEST-31PC-0279,49,Masculino,Norte,95.1,1,premium,4,17,1.6,MENSAL,SERIES
TEST-31PC-0813,61,Feminino,Nordeste,53.64,59,basico,37,1,4.3,ANUAL,FILMES
TEST-31PC-0378,32,Feminino,Centro-Oeste,81.91,46,basico,34,0,4.4,ANUAL,DOCUMENTARIOS
TEST-31PC-0257,42,Masculino,Sul,86.42,3,premium,4,14,1.4,MENSAL,SERIES
TEST-31PC-0139,40,Masculino,Nordeste,86.44,1,premium,2,5,1.3,MENSAL,FILMES
TEST-31PC-0134,55,Feminino,Sudeste,115.01,2,padrao,2,10,1.6,MENSAL,ESPORTES
TEST-31PC-0152,50,Feminino,Nordeste,29.99,2,padrao,5,12,1.6,MENSAL,DOCUMENTARIOS
TEST-31PC-0930,36,Feminino,Sudeste,45.46,48,basico,80,0,4.1,ANUAL,SERIES
TEST-31PC-0224,40,Masculino,Nordeste,93.85,3,premium,1,10,1.1,MENSAL,DOCUMENTARIOS
TEST-31PC-0309,38,Feminino,Norte,142.8,2,premium,3,7,2.2,MENSAL,SERIES
TEST-31PC-0585,70,Feminino,Nordeste,63.77,37,basico,86,1,4.2,MENSAL,DOCUMENTARIOS
TEST-31PC-0870,31,Masculino,Norte,65.23,46,basico,73,0,4.8,ANUAL,ESPORTES
TEST-31PC-0367,58,Feminino,Norte,46.3,55,padrao,98,0,4.4,ANUAL,ESPORTES
TEST-31PC-0507,18,Feminino,Sul,46.04,23,basico,34,1,4.0,MENSAL,FILMES
TEST-31PC-0598,47,Masculino,Sul,57.31,34,basico,69,1,4.2,ANUAL,FILMES
TEST-31PC-0121,30,Masculino,Centro-Oeste,104.49,2,basico,5,6,2.5,MENSAL,ESPORTES
TEST-31PC-0499,49,Feminino,Sul,31.48,17,padrao,40,1,4.1,ANUAL,DOCUMENTARIOS
TEST-31PC-0238,66,Feminino,Centro-Oeste,101.35,1,premium,3,5,1.7,MENSAL,SERIES
TEST-31PC-0478,41,Feminino,Centro-Oeste,32.54,57,padrao,53,1,4.6,ANUAL,SERIES
TEST-31PC-0836,42,Feminino,Sudeste,69.5,58,padrao,60,1,4.9,ANUAL,ESPORTES
TEST-31PC-0860,37,Masculino,Sudeste,70.24,23,padrao,25,1,4.6,MENSAL,DOCUMENTARIOS
TEST-31PC-0317,27,Feminino,Norte,50.8,19,padrao,98,0,4.4,ANUAL,SERIES
TEST-31PC-0190,68,Feminino,Centro-Oeste,51.12,1,premium,0,7,1.6,MENSAL,SERIES
TEST-31PC-0764,27,Feminino,Centro-Oeste,64.69,27,padrao,92,0,4.6,MENSAL,DOCUMENTARIOS
TEST-31PC-0800,45,Feminino,Sul,76.62,19,basico,43,0,5.0,ANUAL,DOCUMENTARIOS
TEST-31PC-0947,51,Masculino,Norte,74.79,52,basico,45,0,4.5,ANUAL,FILMES
TEST-31PC-0740,70,Feminino,Sul,84.84,13,basico,65,0,4.3,MENSAL,SERIES
TEST-31PC-0888,31,Feminino,Norte,87.52,25,basico,57,0,4.5,MENSAL,SERIES
TEST-31PC-0858,23,Feminino,Norte,74.11,51,basico,68,0,4.3,ANUAL,FILMES
TEST-31PC-0493,22,Feminino,Nordeste,52.9,55,padrao,62,1,4.5,MENSAL,DOCUMENTARIOS
TEST-31PC-0680,43,Masculino,Sul,50.42,46,basico,66,1,4.4,MENSAL,DOCUMENTARIOS
TEST-31PC-0699,35,Masculino,Norte,61.43,15,basico,42,0,4.8,ANUAL,DOCUMENTARIOS
TEST-31PC-0106,56,Feminino,Norte,60.21,3,premium,3,7,1.5,MENSAL,DOCUMENTARIOS
TEST-31PC-0348,66,Feminino,Sul,63.2,12,padrao,80,1,4.8,ANUAL,ESPORTES
TEST-31PC-0324,58,Masculino,Sul,40.4,35,basico,79,0,4.3,ANUAL,FILMES
TEST-31PC-0439,70,Feminino,Centro-Oeste,88.08,56,padrao,34,0,4.2,MENSAL,DOCUMENTARIOS
TEST-31PC-0331,42,Masculino,Centro-Oeste,46.63,13,padrao,38,1,4.1,MENSAL,ESPORTES
TEST-31PC-0207,29,Feminino,Sul,118.19,3,premium,0,11,1.5,MENSAL,SERIES
TEST-31PC-0438,51,Feminino,Sul,58.79,14,padrao,47,1,4.7,MENSAL,DOCUMENTARIOS
TEST-31PC-0245,49,Feminino,Centro-Oeste,97.16,2,premium,4,10,1.6,MENSAL,SERIES
TEST-31PC-0403,49,Masculino,Sudeste,43.74,32,padrao,77,0,4.9,ANUAL,SERIES
TEST-31PC-0329,29,Feminino,Norte,87.29,36,basico,41,0,4.0,MENSAL,DOCUMENTARIOS
TEST-31PC-0171,18,Feminino,Nordeste,146.1,1,premium,5,7,1.3,MENSAL,SERIES
TEST-31PC-0455,27,Masculino,Norte,80.8,51,basico,25,1,4.2,ANUAL,FILMES
TEST-31PC-0980,26,Feminino,Sul,42.38,60,basico,23,0,4.7,MENSAL,DOCUMENTARIOS
TEST-31PC-0457,31,Feminino,Nordeste,62.86,30,basico,80,0,4.5,MENSAL,DOCUMENTARIOS
TEST-31PC-0287,36,Feminino,Sul,144.0,1,premium,5,19,1.5,MENSAL,SERIES
TEST-31PC-0635,44,Feminino,Sudeste,51.01,60,padrao,98,0,4.8,MENSAL,DOCUMENTARIOS
TEST-31PC-0950,38,Feminino,Norte,35.46,40,padrao,71,1,4.3,ANUAL,DOCUMENTARIOS
TEST-31PC-0876,35,Feminino,Sudeste,61.48,27,padrao,45,0,5.0,ANUAL,ESPORTES
TEST-31PC-0400,44,Feminino,Nordeste,53.92,21,basico,68,1,4.8,ANUAL,DOCUMENTARIOS
TEST-31PC-0458,20,Masculino,Sul,37.39,23,padrao,61,0,4.9,ANUAL,ESPORTES
TEST-31PC-0554,36,Feminino,Centro-Oeste,59.15,14,padrao,65,1,4.9,ANUAL,DOCUMENTARIOS
TEST-31PC-0070,35,Feminino,Sul,32.65,1,premium,3,18,2.1,MENSAL,FILMES
TEST-31PC-0425,37,Masculino,Norte,35.6,32,basico,96,0,4.6,ANUAL,SERIES
TEST-31PC-0216,39,Masculino,Norte,98.31,3,premium,3,15,2.2,MENSAL,FILMES
TEST-31PC-0517,40,Feminino,Sudeste,77.54,38,padrao,92,1,4.1,MENSAL,FILMES
TEST-31PC-0405,41,Masculino,Centro-Oeste,86.21,47,basico,71,0,4.9,ANUAL,FILMES
TEST-31PC-0557,48,Feminino,Norte,45.6,51,padrao,37,0,4.8,MENSAL,DOCUMENTARIOS
TEST-31PC-0492,66,Feminino,Nordeste,41.05,17,basico,28,1,4.4,MENSAL,DOCUMENTARIOS
